ONTOLOGY,ID,Description,GeneRatio,BgRatio,RichFactor,FoldEnrichment,zScore,pvalue,p.adjust,qvalue,geneID,Count,GeneSet
BP,GO:0015695,organic cation transport,5/24,120/18986,0.041666666666666664,32.96180555555555,12.495420148919832,3.5810978570897646e-7,2.342037998536706e-4,1.4475174496025997e-4,SLC1A1/SLC25A15/SLC25A20/SLC44A1/SLC6A3,5,all_25
BP,GO:0043603,amide metabolic process,7/24,472/18986,0.014830508474576272,11.732168079096047,8.399959376247365,1.3465863778381816e-6,3.181845023888862e-4,1.9665676632437198e-4,ALOXE3/ASL/GBA3/PLA2G4E/SLC1A1/SLC25A15/TECR,7,all_25
BP,GO:0006633,fatty acid biosynthetic process,5/24,165/18986,0.030303030303030304,23.972222222222225,10.543686491267174,1.7348523249011494e-6,3.181845023888862e-4,1.9665676632437198e-4,ALOX15/ALOXE3/APOC1/CYP2E1/TECR,5,all_25
BP,GO:0043604,amide biosynthetic process,5/24,175/18986,0.02857142857142857,22.60238095238095,10.213710726763075,2.317007815169739e-6,3.181845023888862e-4,1.9665676632437198e-4,ALOXE3/ASL/SLC1A1/SLC25A15/TECR,5,all_25
BP,GO:0046394,carboxylic acid biosynthetic process,6/24,331/18986,0.01812688821752266,14.33987915407855,8.710380280771734,2.7709736025480494e-6,3.181845023888862e-4,1.9665676632437198e-4,ALOX15/ALOXE3/APOC1/ASL/CYP2E1/TECR,6,all_25
BP,GO:0016053,organic acid biosynthetic process,6/24,334/18986,0.017964071856287425,14.211077844311376,8.665978995715667,2.9191238751273963e-6,3.181845023888862e-4,1.9665676632437198e-4,ALOX15/ALOXE3/APOC1/ASL/CYP2E1/TECR,6,all_25
BP,GO:0042759,long-chain fatty acid biosynthetic process,3/24,27/18986,0.1111111111111111,87.89814814814815,16.075094724496406,5.088686005627591e-6,4.7542866395434925e-4,2.9384292122721734e-4,ALOX15/ALOXE3/CYP2E1,3,all_25
BP,GO:0072330,monocarboxylic acid biosynthetic process,5/24,224/18986,0.022321428571428572,17.65811011904762,8.922345214187565,7.738557004087464e-6,6.326270350841502e-4,3.9100077494336666e-4,ALOX15/ALOXE3/APOC1/CYP2E1/TECR,5,all_25
BP,GO:0120254,olefinic compound metabolic process,4/24,163/18986,0.024539877300613498,19.413087934560327,8.399334143370847,4.8658027291383265e-5,0.0034215920403500278,0.002114745442611316,ALOX15/ALOXE3/CYP2E1/GRIN1,4,all_25
BP,GO:0019369,arachidonate metabolic process,3/24,58/18986,0.05172413793103448,40.918103448275865,10.831793774397946,5.231792110626953e-5,0.0034215920403500278,0.002114745442611316,ALOX15/ALOXE3/CYP2E1,3,all_25
BP,GO:0019372,lipoxygenase pathway,2/24,11/18986,0.18181818181818182,143.83333333333334,16.857915488186517,8.364451496460331e-5,0.004973046616986415,0.0030736357652064762,ALOX15/ALOXE3,2,all_25
BP,GO:0000050,urea cycle,2/24,12/18986,0.16666666666666666,131.8472222222222,16.130377552571023,1.0029591139233107e-4,0.005466127170882043,0.003378388594267994,ASL/SLC25A15,2,all_25
BP,GO:0006631,fatty acid metabolic process,5/24,405/18986,0.012345679012345678,9.766460905349794,6.3443352019608374,1.3105052244860672e-4,0.006449996640643801,0.003986477885091292,ALOX15/ALOXE3/APOC1/CYP2E1/TECR,5,all_25
BP,GO:0019627,urea metabolic process,2/24,14/18986,0.14285714285714285,113.01190476190476,14.915591917600953,1.38073322582589e-4,0.006449996640643801,0.003986477885091292,ASL/SLC25A15,2,all_25
BP,GO:0051290,protein heterotetramerization,2/24,16/18986,0.125,98.88541666666667,13.935198845572499,1.8179368650328884e-4,0.007430816935821931,0.004592682606398876,GRIN1/RRM2,2,all_25
BP,GO:0071941,nitrogen cycle metabolic process,2/24,16/18986,0.125,98.88541666666667,13.935198845572499,1.8179368650328884e-4,0.007430816935821931,0.004592682606398876,ASL/SLC25A15,2,all_25
BP,GO:0009410,response to xenobiotic stimulus,5/24,451/18986,0.011086474501108648,8.770325203252034,5.9415536293086575,2.1643871915636475e-4,0.008326524842838972,0.005146282857959386,CYP2E1/GRIN1/NAT2/SLC1A1/SLC6A3,5,all_25
BP,GO:0051262,protein tetramerization,3/24,99/18986,0.030303030303030304,23.972222222222225,8.15282211060766,2.570563846104159e-4,0.008896346788634107,0.005498466387953481,GRIN1/RRM2/TRPM7,3,all_25
BP,GO:0042402,cellular biogenic amine catabolic process,2/24,19/18986,0.10526315789473684,83.2719298245614,12.76432969911169,2.584565580795842e-4,0.008896346788634107,0.005498466387953481,SLC44A1/SLC6A3,2,all_25
BP,GO:0043651,linoleic acid metabolic process,2/24,20/18986,0.1,79.10833333333333,12.433498496417153,2.8695230491828456e-4,0.009383340370827905,0.005799457109927436,ALOX15/ALOXE3,2,all_25
BP,GO:0009310,amine catabolic process,2/24,21/18986,0.09523809523809523,75.34126984126983,12.12640445948695,3.169130339853878e-4,0.009869577344116363,0.006099980203027013,SLC44A1/SLC6A3,2,all_25
BP,GO:0001676,long-chain fatty acid metabolic process,3/24,109/18986,0.027522935779816515,21.772935779816518,7.737728549885133,3.4121628790875937e-4,0.0101434296496513,0.006269237060141801,ALOX15/ALOXE3/CYP2E1,3,all_25
BP,GO:0033559,unsaturated fatty acid metabolic process,3/24,114/18986,0.02631578947368421,20.81798245614035,7.550431151648402,3.8922202801461e-4,0.010987422205527004,0.0067908741782108,ALOX15/ALOXE3/CYP2E1,3,all_25
BP,GO:0035357,peroxisome proliferator activated receptor signaling pathway,2/24,24/18986,0.08333333333333333,65.9236111111111,11.322310687911598,4.1555075383792144e-4,0.010987422205527004,0.0067908741782108,ALOX15/ALOXE3,2,all_25
BP,GO:0018958,phenol-containing compound metabolic process,3/24,117/18986,0.02564102564102564,20.284188034188034,7.443697171409533,4.2000849409506893e-4,0.010987422205527004,0.0067908741782108,CYP2E1/SLC1A1/SLC6A3,3,all_25
BP,GO:0009308,amine metabolic process,3/24,121/18986,0.024793388429752067,19.613636363636363,7.307424823009314,4.6343669883112666e-4,0.0113541536952986,0.007017535842579532,SLC1A1/SLC44A1/SLC6A3,3,all_25
BP,GO:0006650,glycerophospholipid metabolic process,4/24,294/18986,0.013605442176870748,10.763038548752833,6.002050340175621,4.6874946448480464e-4,0.0113541536952986,0.007017535842579532,ALOX15/APOC1/PLA2G4E/SLC44A1,4,all_25
BP,GO:0006690,icosanoid metabolic process,3/24,124/18986,0.024193548387096774,19.139112903225804,7.209445560883179,4.978332232530874e-4,0.011627961714554255,0.0071867653281648715,ALOX15/ALOXE3/CYP2E1,3,all_25
BP,GO:0006805,xenobiotic metabolic process,3/24,127/18986,0.023622047244094488,18.687007874015748,7.114850023346246,5.338287786890973e-4,0.01203875935388516,0.007440662468842591,CYP2E1/GRIN1/NAT2,3,all_25
BP,GO:0046337,phosphatidylethanolamine metabolic process,2/24,29/18986,0.06896551724137931,54.55747126436782,10.268407797637808,6.089267563398668e-4,0.013274603288209097,0.00820448682226347,ALOX15/PLA2G4E,2,all_25
BP,GO:0006829,zinc ion transport,2/24,31/18986,0.06451612903225806,51.037634408602145,9.919381023325567,6.963406129346558e-4,0.014231461276852026,0.008795881426543022,SLC1A1/TRPM7,2,all_25
BP,GO:0051291,protein heterooligomerization,2/24,31/18986,0.06451612903225806,51.037634408602145,9.919381023325567,6.963406129346558e-4,0.014231461276852026,0.008795881426543022,GRIN1/RRM2,2,all_25
BP,GO:0046475,glycerophospholipid catabolic process,2/24,34/18986,0.058823529411764705,46.53431372549019,9.4540866966879,8.381589809728039e-4,0.016610787077461022,0.010266444934403726,APOC1/PLA2G4E,2,all_25
BP,GO:0016042,lipid catabolic process,4/24,351/18986,0.011396011396011397,9.015194681861349,5.392271932913131,9.105597760015467e-4,0.017514885103088573,0.01082523077351684,APOC1/GBA3/HSD11B1/PLA2G4E,4,all_25
BP,GO:1905039,carboxylic acid transmembrane transport,3/24,156/18986,0.019230769230769232,15.213141025641027,6.341559255562427,9.702010495568843e-4,0.018128899611720067,0.011204727910671987,SLC1A1/SLC25A15/SLC25A20,3,all_25
BP,GO:1903825,organic acid transmembrane transport,3/24,159/18986,0.018867924528301886,14.926100628930817,6.273449124427275,0.0010250843131489203,0.018622365022205385,0.011509718603777351,SLC1A1/SLC25A15/SLC25A20,3,all_25
BP,GO:0006865,amino acid transport,3/24,165/18986,0.01818181818181818,14.383333333333333,6.142621706762424,0.0011406785630917507,0.019832452125076876,0.012257623718058141,SLC1A1/SLC25A15/SLC6A3,3,all_25
BP,GO:0006644,phospholipid metabolic process,4/24,374/18986,0.0106951871657754,8.460784313725489,5.184329720767062,0.0011523443130778614,0.019832452125076876,0.012257623718058141,ALOX15/APOC1/PLA2G4E/SLC44A1,4,all_25
BP,GO:0042417,dopamine metabolic process,2/24,41/18986,0.04878048780487805,38.58943089430894,8.571942014282545,0.0012185196535204332,0.020433637266727266,0.012629191550657124,SLC1A1/SLC6A3,2,all_25
BP,GO:0046486,glycerolipid metabolic process,4/24,385/18986,0.01038961038961039,8.21904761904762,5.091092354775025,0.0012826273091528409,0.02085142029380763,0.0128874060724644,ALOX15/APOC1/PLA2G4E/SLC44A1,4,all_25
BP,GO:0006665,sphingolipid metabolic process,3/24,173/18986,0.017341040462427744,13.718208092485547,5.978452744866917,0.0013071991315689799,0.02085142029380763,0.0128874060724644,ALOXE3/GBA3/TECR,3,all_25
BP,GO:0016052,carbohydrate catabolic process,3/24,180/18986,0.016666666666666666,13.184722222222222,5.843492891513812,0.0014648722256301832,0.022810153227669997,0.01409801841207996,GBA3/PFKFB1/TKTL1,3,all_25
BP,GO:0035725,sodium ion transmembrane transport,3/24,188/18986,0.015957446808510637,12.623670212765957,5.698167772374809,0.0016591686191721271,0.025234797138106307,0.015596591181446682,GRIN1/SLC6A3/TPCN1,3,all_25
BP,GO:0030258,lipid modification,3/24,191/18986,0.015706806282722512,12.425392670157066,5.645930190632149,0.0017359949836317677,0.025803198165799453,0.015947896500349255,ALOX15/ALOXE3/CYP2E1,3,all_25
BP,GO:0071466,cellular response to xenobiotic stimulus,3/24,198/18986,0.015151515151515152,11.986111111111112,5.528472541628959,0.0019238493126396688,0.02795994334369652,0.01728089207143001,CYP2E1/GRIN1/NAT2,3,all_25
BP,GO:1901570,fatty acid derivative biosynthetic process,2/24,53/18986,0.03773584905660377,29.852201257861633,7.48300474768238,0.0020288520784764387,0.028844983898338932,0.017827899270822713,ALOX15/TECR,2,all_25
BP,GO:0009395,phospholipid catabolic process,2/24,54/18986,0.037037037037037035,29.29938271604938,7.4087415516197535,0.002105261919533899,0.02929449564628021,0.018105724011220993,APOC1/PLA2G4E,2,all_25
BP,GO:0007215,glutamate receptor signaling pathway,2/24,55/18986,0.03636363636363636,28.766666666666666,7.336470307179768,0.0021830229880426544,0.029743688212081166,0.018383351478253936,GRIN1/SLC1A1,2,all_25
BP,GO:0006584,catecholamine metabolic process,2/24,57/18986,0.03508771929824561,27.757309941520464,7.197553338931972,0.002342585819116441,0.030366753086132906,0.018768442274384414,SLC1A1/SLC6A3,2,all_25
BP,GO:0009712,catechol-containing compound metabolic process,2/24,57/18986,0.03508771929824561,27.757309941520464,7.197553338931972,0.002342585819116441,0.030366753086132906,0.018768442274384414,SLC1A1/SLC6A3,2,all_25
BP,GO:0007626,locomotory behavior,3/24,213/18986,0.014084507042253521,11.142018779342722,5.295612790961203,0.002368049552588346,0.030366753086132906,0.018768442274384414,ASL/SLC1A1/SLC6A3,3,all_25
BP,GO:0042220,response to cocaine,2/24,58/18986,0.034482758620689655,27.27873563218391,7.130745712620611,0.002424381101188236,0.030491254618790504,0.018845391555795198,SLC1A1/SLC6A3,2,all_25
BP,GO:0006643,membrane lipid metabolic process,3/24,218/18986,0.013761467889908258,10.886467889908259,5.223111055545493,0.0025291014668481467,0.031208157722994113,0.019288479906051408,ALOXE3/GBA3/TECR,3,all_25
BP,GO:0031329,regulation of cellular catabolic process,4/24,472/18986,0.00847457627118644,6.7040960451977405,4.4645382652178895,0.0026998019603464807,0.03269760151975182,0.02020904391370465,APOC1/DHRSX/PFKFB1/TPCN1,4,all_25
BP,GO:0046503,glycerolipid catabolic process,2/24,66/18986,0.030303030303030304,23.972222222222225,6.650943538194992,0.003126650597134471,0.03651895941925768,0.022570868206977228,APOC1/PLA2G4E,2,all_25
BP,GO:0031331,positive regulation of cellular catabolic process,3/24,235/18986,0.01276595744680851,10.098936170212765,4.993225538821131,0.003127005699508303,0.03651895941925768,0.022570868206977228,DHRSX/PFKFB1/TPCN1,3,all_25
BP,GO:0044242,cellular lipid catabolic process,3/24,238/18986,0.012605042016806723,9.971638655462185,4.955090947160362,0.003240774243563188,0.03718362026825131,0.02298166776598826,APOC1/GBA3/PLA2G4E,3,all_25
BP,GO:0046434,organophosphate catabolic process,3/24,242/18986,0.012396694214876033,9.806818181818182,4.905287042182161,0.003396397134357304,0.03829730561844271,0.02366999091820699,APOC1/PFKFB1/PLA2G4E,3,all_25
BP,GO:0006814,sodium ion transport,3/24,251/18986,0.01195219123505976,9.455179282868526,4.797353080282849,0.00376318690459346,0.041713970094985134,0.025781690836108633,GRIN1/SLC6A3/TPCN1,3,all_25
BP,GO:0046470,phosphatidylcholine metabolic process,2/24,77/18986,0.025974025974025976,20.547619047619047,6.114680913158121,0.004229109943163085,0.04609729838047763,0.028490845932888153,APOC1/SLC44A1,2,all_25
BP,GO:1901568,fatty acid derivative metabolic process,2/24,79/18986,0.02531645569620253,20.02742616033755,6.029081148118081,0.004446292121327045,0.04767008274340799,0.029462919319923817,ALOX15/TECR,2,all_25
BP,GO:1902475,L-alpha-amino acid transmembrane transport,2/24,80/18986,0.025,19.777083333333334,5.98745346251486,0.004556792227625106,0.0480668083365616,0.029708119107097468,SLC1A1/SLC25A15,2,all_25
BP,GO:0051259,protein complex oligomerization,3/24,275/18986,0.01090909090909091,8.63,4.534310286814421,0.004857046257530727,0.05042076591150946,0.03116300355708938,GRIN1/RRM2/TRPM7,3,all_25
BP,GO:0010232,vascular transport,2/24,88/18986,0.022727272727272728,17.979166666666668,5.6796115747565645,0.005486199471372941,0.05519960698889082,0.03411660885841635,SLC1A1/SLC44A1,2,all_25
BP,GO:0150104,transport across blood-brain barrier,2/24,88/18986,0.022727272727272728,17.979166666666668,5.6796115747565645,0.005486199471372941,0.05519960698889082,0.03411660885841635,SLC1A1/SLC44A1,2,all_25
BP,GO:0008306,associative learning,2/24,90/18986,0.022222222222222223,17.579629629629633,5.608929608973418,0.005731050901028957,0.056001821797402325,0.034612424867539834,GRIN1/SLC1A1,2,all_25
BP,GO:0015850,organic hydroxy compound transport,3/24,292/18986,0.010273972602739725,8.127568493150685,4.366671849694893,0.0057371896948409115,0.056001821797402325,0.034612424867539834,APOC1/SLC44A1/SLC6A3,3,all_25
BP,GO:0051591,response to cAMP,2/24,91/18986,0.02197802197802198,17.386446886446887,5.574435479503842,0.005855334654757367,0.05631454212075467,0.03480570444933172,PFKFB1/SLC6A3,2,all_25
BP,GO:0006576,biogenic amine metabolic process,2/24,99/18986,0.020202020202020204,15.981481481481483,5.316915024168962,0.006893795186752216,0.06534118916139058,0.040384704068845936,SLC1A1/SLC6A3,2,all_25
BP,GO:0000041,transition metal ion transport,2/24,102/18986,0.0196078431372549,15.511437908496731,5.227961592959142,0.007303271845085638,0.06727239136177475,0.04157830079337117,SLC1A1/TRPM7,2,all_25
BP,GO:0015807,L-amino acid transport,2/24,102/18986,0.0196078431372549,15.511437908496731,5.227961592959142,0.007303271845085638,0.06727239136177475,0.04157830079337117,SLC1A1/SLC25A15,2,all_25
BP,GO:0043279,response to alkaloid,2/24,103/18986,0.019417475728155338,15.360841423948218,5.199144080200749,0.007442170736270267,0.0675997175211216,0.04178060764221905,SLC1A1/SLC6A3,2,all_25
BP,GO:1990542,mitochondrial transmembrane transport,2/24,104/18986,0.019230769230769232,15.213141025641027,5.1707267601275,0.007582267967945236,0.06792881165802991,0.04198400720534926,SLC25A15/SLC25A20,2,all_25
BP,GO:0050890,cognition,3/24,329/18986,0.00911854103343465,7.213525835866261,4.044678459675492,0.007968399103056734,0.07042341909998791,0.04352582155865983,GRIN1/SLC1A1/SLC6A3,3,all_25
BP,GO:0003333,amino acid transmembrane transport,2/24,108/18986,0.018518518518518517,14.64969135802469,5.060874511010565,0.008154580584629494,0.07110794269796919,0.043948897466634745,SLC1A1/SLC25A15,2,all_25
BP,GO:0008202,steroid metabolic process,3/24,334/18986,0.008982035928143712,7.105538922155688,4.005007969861342,0.00830404340269166,0.07145847875474139,0.04416554939935731,APOC1/CYP2E1/HSD11B1,3,all_25
BP,GO:0006790,sulfur compound metabolic process,3/24,338/18986,0.008875739644970414,7.021449704142012,3.973856072247095,0.008578525092531732,0.07286175857812667,0.04503285899565531,SLC1A1/TECR/TKTL1,3,all_25
BP,GO:0006672,ceramide metabolic process,2/24,112/18986,0.017857142857142856,14.126488095238095,4.956720556119878,0.0087458283995837955,0.07333040735035644,0.04532251154440186,ALOXE3/GBA3,2,all_25
BP,GO:0034440,lipid oxidation,2/24,114/18986,0.017543859649122806,13.878654970760232,4.9066244708694455,0.009048493824373382,0.0741612089085151,0.04583599584881668,ALOX15/ALOXE3,2,all_25
BP,GO:0010038,response to metal ion,3/24,345/18986,0.008695652173913044,6.878985507246377,3.920542664697045,0.009071707511744966,0.0741612089085151,0.04583599584881668,ALOX15/SLC1A1/SLC6A3,3,all_25
BP,GO:0070588,calcium ion transmembrane transport,3/24,348/18986,0.008620689655172414,6.8196839080459775,3.898147028835505,0.009288099590057766,0.07499280409750345,0.046349970663836025,GRIN1/TPCN1/TRPM7,3,all_25
BP,GO:0046942,carboxylic acid transport,3/24,357/18986,0.008403361344537815,6.647759103641456,3.8325193078344357,0.009955498064129835,0.07904218832639023,0.04885272866140971,SLC1A1/SLC25A15/SLC25A20,3,all_25
BP,GO:0015849,organic acid transport,3/24,358/18986,0.008379888268156424,6.629189944134079,3.8253673989550743,0.010031348059771237,0.07904218832639023,0.04885272866140971,SLC1A1/SLC25A15/SLC25A20,3,all_25
BP,GO:0062014,negative regulation of small molecule metabolic process,2/24,125/18986,0.016,12.657333333333334,4.652010801433906,0.010795876855965428,0.08405361266430227,0.05195008411893139,APOC1/PFKFB1,2,all_25
BP,GO:0009185,ribonucleoside diphosphate metabolic process,2/24,126/18986,0.015873015873015872,12.556878306878305,4.630456610752981,0.010961590181151127,0.08433976445262162,0.05212694278095398,PFKFB1/RRM2,2,all_25
BP,GO:0045471,response to ethanol,2/24,129/18986,0.015503875968992248,12.26485788113695,4.567232517463179,0.011465503808543161,0.08654961537460329,0.05349276083027148,GRIN1/SLC6A3,2,all_25
BP,GO:0009132,nucleoside diphosphate metabolic process,2/24,133/18986,0.015037593984962405,11.895989974937343,4.4861225386302825,0.01215308685274029,0.08654961537460329,0.05349276083027148,PFKFB1/RRM2,2,all_25
BP,GO:0046683,response to organophosphorus,2/24,135/18986,0.014814814814814815,11.719753086419752,4.446858600630325,0.012503554819636649,0.08654961537460329,0.05349276083027148,PFKFB1/SLC6A3,2,all_25
BP,GO:0006591,ornithine metabolic process,1/24,10/18986,0.1,79.10833333333333,8.789494234730645,0.012572191835760416,0.08654961537460329,0.05349276083027148,ASL,1,all_25
BP,GO:0006646,phosphatidylethanolamine biosynthetic process,1/24,10/18986,0.1,79.10833333333333,8.789494234730645,0.012572191835760416,0.08654961537460329,0.05349276083027148,ALOX15,1,all_25
BP,GO:0019614,catechol-containing compound catabolic process,1/24,10/18986,0.1,79.10833333333333,8.789494234730645,0.012572191835760416,0.08654961537460329,0.05349276083027148,SLC6A3,1,all_25
BP,GO:0042420,dopamine catabolic process,1/24,10/18986,0.1,79.10833333333333,8.789494234730645,0.012572191835760416,0.08654961537460329,0.05349276083027148,SLC6A3,1,all_25
BP,GO:0042424,catecholamine catabolic process,1/24,10/18986,0.1,79.10833333333333,8.789494234730645,0.012572191835760416,0.08654961537460329,0.05349276083027148,SLC6A3,1,all_25
BP,GO:0071314,cellular response to cocaine,1/24,10/18986,0.1,79.10833333333333,8.789494234730645,0.012572191835760416,0.08654961537460329,0.05349276083027148,SLC1A1,1,all_25
BP,GO:0150172,regulation of phosphatidylcholine metabolic process,1/24,10/18986,0.1,79.10833333333333,8.789494234730645,0.012572191835760416,0.08654961537460329,0.05349276083027148,APOC1,1,all_25
BP,GO:0006678,glucosylceramide metabolic process,1/24,11/18986,0.09090909090909091,71.91666666666667,8.369945204461334,0.013821046567840223,0.09038964455367506,0.05586612507421733,GBA3,1,all_25
BP,GO:0015871,choline transport,1/24,11/18986,0.09090909090909091,71.91666666666667,8.369945204461334,0.013821046567840223,0.09038964455367506,0.05586612507421733,SLC44A1,1,all_25
BP,GO:0046477,glycosylceramide catabolic process,1/24,11/18986,0.09090909090909091,71.91666666666667,8.369945204461334,0.013821046567840223,0.09038964455367506,0.05586612507421733,GBA3,1,all_25
BP,GO:0046689,response to mercury ion,1/24,11/18986,0.09090909090909091,71.91666666666667,8.369945204461334,0.013821046567840223,0.09038964455367506,0.05586612507421733,SLC1A1,1,all_25
BP,GO:0070778,L-aspartate transmembrane transport,1/24,11/18986,0.09090909090909091,71.91666666666667,8.369945204461334,0.013821046567840223,0.09038964455367506,0.05586612507421733,SLC1A1,1,all_25
BP,GO:0000101,sulfur amino acid transport,1/24,12/18986,0.08333333333333333,65.9236111111111,8.003550564642103,0.015068387536607886,0.09124745786056997,0.05639630423057923,SLC1A1,1,all_25
BP,GO:0019336,phenol-containing compound catabolic process,1/24,12/18986,0.08333333333333333,65.9236111111111,8.003550564642103,0.015068387536607886,0.09124745786056997,0.05639630423057923,SLC6A3,1,all_25
BP,GO:0034379,very-low-density lipoprotein particle assembly,1/24,12/18986,0.08333333333333333,65.9236111111111,8.003550564642103,0.015068387536607886,0.09124745786056997,0.05639630423057923,APOC1,1,all_25
BP,GO:0042416,dopamine biosynthetic process,1/24,12/18986,0.08333333333333333,65.9236111111111,8.003550564642103,0.015068387536607886,0.09124745786056997,0.05639630423057923,SLC6A3,1,all_25
BP,GO:0051583,dopamine uptake involved in synaptic transmission,1/24,12/18986,0.08333333333333333,65.9236111111111,8.003550564642103,0.015068387536607886,0.09124745786056997,0.05639630423057923,SLC6A3,1,all_25
BP,GO:0051934,catecholamine uptake involved in synaptic transmission,1/24,12/18986,0.08333333333333333,65.9236111111111,8.003550564642103,0.015068387536607886,0.09124745786056997,0.05639630423057923,SLC6A3,1,all_25
BP,GO:0060192,negative regulation of lipase activity,1/24,12/18986,0.08333333333333333,65.9236111111111,8.003550564642103,0.015068387536607886,0.09124745786056997,0.05639630423057923,APOC1,1,all_25
BP,GO:0098976,excitatory chemical synaptic transmission,1/24,12/18986,0.08333333333333333,65.9236111111111,8.003550564642103,0.015068387536607886,0.09124745786056997,0.05639630423057923,GRIN1,1,all_25
BP,GO:0014074,response to purine-containing compound,2/24,150/18986,0.013333333333333334,10.547777777777778,4.1765957428052785,0.01527141862382383,0.09162851174294298,0.05663181797728973,PFKFB1/SLC6A3,2,all_25
BP,GO:0010960,magnesium ion homeostasis,1/24,13/18986,0.07692307692307693,60.85256410256411,7.679895023884032,0.016314216497244516,0.09176179026088008,0.056714191952644384,TRPM7,1,all_25
BP,GO:0015838,amino-acid betaine transport,1/24,13/18986,0.07692307692307693,60.85256410256411,7.679895023884032,0.016314216497244516,0.09176179026088008,0.056714191952644384,SLC25A20,1,all_25
BP,GO:0042761,very long-chain fatty acid biosynthetic process,1/24,13/18986,0.07692307692307693,60.85256410256411,7.679895023884032,0.016314216497244516,0.09176179026088008,0.056714191952644384,TECR,1,all_25
BP,GO:0043652,engulfment of apoptotic cell,1/24,13/18986,0.07692307692307693,60.85256410256411,7.679895023884032,0.016314216497244516,0.09176179026088008,0.056714191952644384,ALOX15,1,all_25
BP,GO:0060134,prepulse inhibition,1/24,13/18986,0.07692307692307693,60.85256410256411,7.679895023884032,0.016314216497244516,0.09176179026088008,0.056714191952644384,SLC6A3,1,all_25
BP,GO:0075509,endocytosis involved in viral entry into host cell,1/24,13/18986,0.07692307692307693,60.85256410256411,7.679895023884032,0.016314216497244516,0.09176179026088008,0.056714191952644384,TPCN1,1,all_25
BP,GO:0098876,vesicle-mediated transport to the plasma membrane,2/24,157/18986,0.012738853503184714,10.077494692144375,4.06322669030826,0.016645528598025847,0.09176179026088008,0.056714191952644384,PLA2G4E/SLC1A1,2,all_25
BP,GO:0007612,learning,2/24,159/18986,0.012578616352201259,9.950733752620545,4.032138954008844,0.017047568669553367,0.09176179026088008,0.056714191952644384,GRIN1/SLC1A1,2,all_25
BP,GO:0006000,fructose metabolic process,1/24,14/18986,0.07142857142857142,56.50595238095238,7.391215571879523,0.017558535202988113,0.09176179026088008,0.056714191952644384,PFKFB1,1,all_25
BP,GO:0009263,deoxyribonucleotide biosynthetic process,1/24,14/18986,0.07142857142857142,56.50595238095238,7.391215571879523,0.017558535202988113,0.09176179026088008,0.056714191952644384,RRM2,1,all_25
BP,GO:0009265,2'-deoxyribonucleotide biosynthetic process,1/24,14/18986,0.07142857142857142,56.50595238095238,7.391215571879523,0.017558535202988113,0.09176179026088008,0.056714191952644384,RRM2,1,all_25
BP,GO:0010524,positive regulation of calcium ion transport into cytosol,1/24,14/18986,0.07142857142857142,56.50595238095238,7.391215571879523,0.017558535202988113,0.09176179026088008,0.056714191952644384,GRIN1,1,all_25
BP,GO:0030497,fatty acid elongation,1/24,14/18986,0.07142857142857142,56.50595238095238,7.391215571879523,0.017558535202988113,0.09176179026088008,0.056714191952644384,TECR,1,all_25
BP,GO:0033700,phospholipid efflux,1/24,14/18986,0.07142857142857142,56.50595238095238,7.391215571879523,0.017558535202988113,0.09176179026088008,0.056714191952644384,APOC1,1,all_25
BP,GO:0046385,deoxyribose phosphate biosynthetic process,1/24,14/18986,0.07142857142857142,56.50595238095238,7.391215571879523,0.017558535202988113,0.09176179026088008,0.056714191952644384,RRM2,1,all_25
BP,GO:0051004,regulation of lipoprotein lipase activity,1/24,14/18986,0.07142857142857142,56.50595238095238,7.391215571879523,0.017558535202988113,0.09176179026088008,0.056714191952644384,APOC1,1,all_25
BP,GO:0006816,calcium ion transport,3/24,445/18986,0.006741573033707865,5.33314606741573,3.290679669613977,0.01796202594462146,0.09176179026088008,0.056714191952644384,GRIN1/TPCN1/TRPM7,3,all_25
BP,GO:0010508,positive regulation of autophagy,2/24,166/18986,0.012048192771084338,9.531124497991968,3.927528677326674,0.01848728187228505,0.09176179026088008,0.056714191952644384,DHRSX/TPCN1,2,all_25
BP,GO:0009084,glutamine family amino acid biosynthetic process,1/24,15/18986,0.06666666666666667,52.73888888888889,7.131591617492145,0.01880134540513445,0.09176179026088008,0.056714191952644384,ASL,1,all_25
BP,GO:0035358,regulation of peroxisome proliferator activated receptor signaling pathway,1/24,15/18986,0.06666666666666667,52.73888888888889,7.131591617492145,0.01880134540513445,0.09176179026088008,0.056714191952644384,ALOX15,1,all_25
BP,GO:0043278,response to morphine,1/24,15/18986,0.06666666666666667,52.73888888888889,7.131591617492145,0.01880134540513445,0.09176179026088008,0.056714191952644384,SLC1A1,1,all_25
BP,GO:0060033,anatomical structure regression,1/24,15/18986,0.06666666666666667,52.73888888888889,7.131591617492145,0.01880134540513445,0.09176179026088008,0.056714191952644384,SLC6A3,1,all_25
BP,GO:0060099,"regulation of phagocytosis, engulfment",1/24,15/18986,0.06666666666666667,52.73888888888889,7.131591617492145,0.01880134540513445,0.09176179026088008,0.056714191952644384,ALOX15,1,all_25
BP,GO:1903826,L-arginine transmembrane transport,1/24,15/18986,0.06666666666666667,52.73888888888889,7.131591617492145,0.01880134540513445,0.09176179026088008,0.056714191952644384,SLC25A15,1,all_25
BP,GO:1905153,regulation of membrane invagination,1/24,15/18986,0.06666666666666667,52.73888888888889,7.131591617492145,0.01880134540513445,0.09176179026088008,0.056714191952644384,ALOX15,1,all_25
BP,GO:0015711,organic anion transport,3/24,462/18986,0.006493506493506494,5.136904761904762,3.2025651615502815,0.019825742593547493,0.09296377553113494,0.05745708965709935,SLC1A1/SLC25A15/SLC25A20,3,all_25
BP,GO:0006750,glutathione biosynthetic process,1/24,16/18986,0.0625,49.442708333333336,6.89641824319835,0.020042648853042855,0.09296377553113494,0.05745708965709935,SLC1A1,1,all_25
BP,GO:0009313,oligosaccharide catabolic process,1/24,16/18986,0.0625,49.442708333333336,6.89641824319835,0.020042648853042855,0.09296377553113494,0.05745708965709935,GBA3,1,all_25
BP,GO:0014072,response to isoquinoline alkaloid,1/24,16/18986,0.0625,49.442708333333336,6.89641824319835,0.020042648853042855,0.09296377553113494,0.05745708965709935,SLC1A1,1,all_25
BP,GO:0021984,adenohypophysis development,1/24,16/18986,0.0625,49.442708333333336,6.89641824319835,0.020042648853042855,0.09296377553113494,0.05745708965709935,SLC6A3,1,all_25
BP,GO:0034638,phosphatidylcholine catabolic process,1/24,16/18986,0.0625,49.442708333333336,6.89641824319835,0.020042648853042855,0.09296377553113494,0.05745708965709935,APOC1,1,all_25
BP,GO:0098877,neurotransmitter receptor transport to plasma membrane,1/24,16/18986,0.0625,49.442708333333336,6.89641824319835,0.020042648853042855,0.09296377553113494,0.05745708965709935,SLC1A1,1,all_25
BP,GO:0050806,positive regulation of synaptic transmission,2/24,176/18986,0.011363636363636364,8.989583333333334,3.7883920582684203,0.020630461276177185,0.09474041849312029,0.05855515966740415,GRIN1/SLC1A1,2,all_25
BP,GO:0015697,quaternary ammonium group transport,1/24,17/18986,0.058823529411764705,46.53431372549019,6.682052574459852,0.021282447294135975,0.09474041849312029,0.05855515966740415,SLC25A20,1,all_25
BP,GO:0034375,high-density lipoprotein particle remodeling,1/24,17/18986,0.058823529411764705,46.53431372549019,6.682052574459852,0.021282447294135975,0.09474041849312029,0.05855515966740415,APOC1,1,all_25
BP,GO:0098712,L-glutamate import across plasma membrane,1/24,17/18986,0.058823529411764705,46.53431372549019,6.682052574459852,0.021282447294135975,0.09474041849312029,0.05855515966740415,SLC1A1,1,all_25
BP,GO:0141193,nuclear receptor-mediated signaling pathway,2/24,180/18986,0.011111111111111112,8.789814814814816,3.7358034648965153,0.021515687129419123,0.09474041849312029,0.05855515966740415,ALOX15/ALOXE3,2,all_25
BP,GO:0044272,sulfur compound biosynthetic process,2/24,182/18986,0.01098901098901099,8.693223443223443,3.7101184016236,0.02196420579129567,0.09474041849312029,0.05855515966740415,SLC1A1/TECR,2,all_25
BP,GO:0071248,cellular response to metal ion,2/24,183/18986,0.01092896174863388,8.645719489981785,3.697423376578153,0.02218993239004872,0.09474041849312029,0.05855515966740415,ALOX15/SLC1A1,2,all_25
BP,GO:0019184,nonribosomal peptide biosynthetic process,1/24,18/18986,0.05555555555555555,43.949074074074076,6.485569803902618,0.02252074247389968,0.09474041849312029,0.05855515966740415,SLC1A1,1,all_25
BP,GO:0019373,epoxygenase P450 pathway,1/24,18/18986,0.05555555555555555,43.949074074074076,6.485569803902618,0.02252074247389968,0.09474041849312029,0.05855515966740415,CYP2E1,1,all_25
BP,GO:0042053,regulation of dopamine metabolic process,1/24,18/18986,0.05555555555555555,43.949074074074076,6.485569803902618,0.02252074247389968,0.09474041849312029,0.05855515966740415,SLC6A3,1,all_25
BP,GO:0042069,regulation of catecholamine metabolic process,1/24,18/18986,0.05555555555555555,43.949074074074076,6.485569803902618,0.02252074247389968,0.09474041849312029,0.05855515966740415,SLC6A3,1,all_25
BP,GO:0090494,dopamine uptake,1/24,18/18986,0.05555555555555555,43.949074074074076,6.485569803902618,0.02252074247389968,0.09474041849312029,0.05855515966740415,SLC6A3,1,all_25
BP,GO:0097401,synaptic vesicle lumen acidification,1/24,18/18986,0.05555555555555555,43.949074074074076,6.485569803902618,0.02252074247389968,0.09474041849312029,0.05855515966740415,ATP6V0A4,1,all_25
BP,GO:0006839,mitochondrial transport,2/24,188/18986,0.010638297872340425,8.415780141843971,3.6353714995168573,0.02333313385462804,0.09474041849312029,0.05855515966740415,SLC25A15/SLC25A20,2,all_25
BP,GO:0007625,grooming behavior,1/24,19/18986,0.05263157894736842,41.6359649122807,6.304590823236476,0.02375753613588949,0.09474041849312029,0.05855515966740415,SLC1A1,1,all_25
BP,GO:0016137,glycoside metabolic process,1/24,19/18986,0.05263157894736842,41.6359649122807,6.304590823236476,0.02375753613588949,0.09474041849312029,0.05855515966740415,GBA3,1,all_25
BP,GO:0030812,negative regulation of nucleotide catabolic process,1/24,19/18986,0.05263157894736842,41.6359649122807,6.304590823236476,0.02375753613588949,0.09474041849312029,0.05855515966740415,PFKFB1,1,all_25
BP,GO:0033122,negative regulation of purine nucleotide catabolic process,1/24,19/18986,0.05263157894736842,41.6359649122807,6.304590823236476,0.02375753613588949,0.09474041849312029,0.05855515966740415,PFKFB1,1,all_25
BP,GO:0035338,long-chain fatty-acyl-CoA biosynthetic process,1/24,19/18986,0.05263157894736842,41.6359649122807,6.304590823236476,0.02375753613588949,0.09474041849312029,0.05855515966740415,TECR,1,all_25
BP,GO:0045820,negative regulation of glycolytic process,1/24,19/18986,0.05263157894736842,41.6359649122807,6.304590823236476,0.02375753613588949,0.09474041849312029,0.05855515966740415,PFKFB1,1,all_25
BP,GO:0090493,catecholamine uptake,1/24,19/18986,0.05263157894736842,41.6359649122807,6.304590823236476,0.02375753613588949,0.09474041849312029,0.05855515966740415,SLC6A3,1,all_25
BP,GO:1903428,positive regulation of reactive oxygen species biosynthetic process,1/24,19/18986,0.05263157894736842,41.6359649122807,6.304590823236476,0.02375753613588949,0.09474041849312029,0.05855515966740415,GRIN1,1,all_25
BP,GO:1990822,basic amino acid transmembrane transport,1/24,19/18986,0.05263157894736842,41.6359649122807,6.304590823236476,0.02375753613588949,0.09474041849312029,0.05855515966740415,SLC25A15,1,all_25
BP,GO:1902600,proton transmembrane transport,2/24,195/18986,0.010256410256410256,8.113675213675213,3.5522640671989967,0.0249739365736279,0.09558661306556608,0.05907815776143149,ATP6V0A4/CYB5A,2,all_25
BP,GO:0006525,arginine metabolic process,1/24,20/18986,0.05,39.55416666666667,6.137157878339268,0.024992830021730583,0.09558661306556608,0.05907815776143149,ASL,1,all_25
BP,GO:0010522,regulation of calcium ion transport into cytosol,1/24,20/18986,0.05,39.55416666666667,6.137157878339268,0.024992830021730583,0.09558661306556608,0.05907815776143149,GRIN1,1,all_25
BP,GO:0015810,aspartate transmembrane transport,1/24,20/18986,0.05,39.55416666666667,6.137157878339268,0.024992830021730583,0.09558661306556608,0.05907815776143149,SLC1A1,1,all_25
BP,GO:0046835,carbohydrate phosphorylation,1/24,20/18986,0.05,39.55416666666667,6.137157878339268,0.024992830021730583,0.09558661306556608,0.05907815776143149,PFKFB1,1,all_25
BP,GO:0097254,renal tubular secretion,1/24,20/18986,0.05,39.55416666666667,6.137157878339268,0.024992830021730583,0.09558661306556608,0.05907815776143149,ATP6V0A4,1,all_25
BP,GO:1902001,fatty acid transmembrane transport,1/24,20/18986,0.05,39.55416666666667,6.137157878339268,0.024992830021730583,0.09558661306556608,0.05907815776143149,SLC25A20,1,all_25
BP,GO:0006006,glucose metabolic process,2/24,197/18986,0.01015228426395939,8.03130287648054,3.5292785459070917,0.025451269500398728,0.09621462574139172,0.05946630659052699,PFKFB1/TKTL1,2,all_25
BP,GO:0046474,glycerophospholipid biosynthetic process,2/24,197/18986,0.01015228426395939,8.03130287648054,3.5292785459070917,0.025451269500398728,0.09621462574139172,0.05946630659052699,ALOX15/SLC44A1,2,all_25
BP,GO:0006677,glycosylceramide metabolic process,1/24,21/18986,0.047619047619047616,37.67063492063492,5.981643194732514,0.02622662587111768,0.09636074898714024,0.05955661936433584,GBA3,1,all_25
BP,GO:0010985,negative regulation of lipoprotein particle clearance,1/24,21/18986,0.047619047619047616,37.67063492063492,5.981643194732514,0.02622662587111768,0.09636074898714024,0.05955661936433584,APOC1,1,all_25
BP,GO:0015693,magnesium ion transport,1/24,21/18986,0.047619047619047616,37.67063492063492,5.981643194732514,0.02622662587111768,0.09636074898714024,0.05955661936433584,TRPM7,1,all_25
BP,GO:0097049,motor neuron apoptotic process,1/24,21/18986,0.047619047619047616,37.67063492063492,5.981643194732514,0.02622662587111768,0.09636074898714024,0.05955661936433584,SLC1A1,1,all_25
BP,GO:2001135,regulation of endocytic recycling,1/24,21/18986,0.047619047619047616,37.67063492063492,5.981643194732514,0.02622662587111768,0.09636074898714024,0.05955661936433584,PLA2G4E,1,all_25
BP,GO:0009713,catechol-containing compound biosynthetic process,1/24,22/18986,0.045454545454545456,35.958333333333336,5.836680715106782,0.02745892542182138,0.09867108365863286,0.060984542290222155,SLC6A3,1,all_25
BP,GO:0015802,basic amino acid transport,1/24,22/18986,0.045454545454545456,35.958333333333336,5.836680715106782,0.02745892542182138,0.09867108365863286,0.060984542290222155,SLC25A15,1,all_25
BP,GO:0042423,catecholamine biosynthetic process,1/24,22/18986,0.045454545454545456,35.958333333333336,5.836680715106782,0.02745892542182138,0.09867108365863286,0.060984542290222155,SLC6A3,1,all_25
BP,GO:0060004,reflex,1/24,22/18986,0.045454545454545456,35.958333333333336,5.836680715106782,0.02745892542182138,0.09867108365863286,0.060984542290222155,SLC1A1,1,all_25
CC,GO:0043679,axon terminus,3/25,117/19960,0.02564102564102564,20.47179487179487,7.480429321454489,4.1090302355505646e-4,0.018125021776870625,0.010902268737967293,GRIN1/SLC1A1/SLC6A3,3,all_25
CC,GO:0043083,synaptic cleft,2/25,26/19960,0.07692307692307693,61.41538461538462,10.916119092186815,4.805402816795677e-4,0.018125021776870625,0.010902268737967293,GRIN1/SLC1A1,2,all_25
CC,GO:0044306,neuron projection terminus,3/25,133/19960,0.022556390977443608,18.009022556390974,6.96960150774798,5.975281904462843e-4,0.018125021776870625,0.010902268737967293,GRIN1/SLC1A1/SLC6A3,3,all_25
CC,GO:0031901,early endosome membrane,3/25,200/19960,0.015,11.975999999999999,5.524549885172448,0.001937347615849985,0.04407465826058716,0.02651107263794716,PLA2G4E/SLC1A1/TPCN1,3,all_25
CC,GO:0150034,distal axon,3/25,281/19960,0.010676156583629894,8.523843416370108,4.498033328991828,0.005048363941973313,0.09188022374391429,0.05526629999633942,GRIN1/SLC1A1/SLC6A3,3,all_25
MF,GO:0015101,organic cation transmembrane transporter activity,5/25,82/18737,0.06097560975609756,45.7,14.827405384750959,7.03707589226183e-8,1.2455624329303439e-5,4.74076691689218e-6,SLC1A1/SLC25A15/SLC25A20/SLC44A1/SLC6A3,5,all_25
MF,GO:0022804,active transmembrane transporter activity,6/25,458/18737,0.013100436681222707,9.818515283842794,6.983937325626797,2.46290208110414e-5,0.002179668341777164,8.296091220561314e-4,ATP6V0A4/CYB5A/SLC1A1/SLC25A15/SLC44A1/SLC6A3,6,all_25
MF,GO:0005506,iron ion binding,4/25,153/18737,0.026143790849673203,19.594248366013073,8.441178486452875,4.730924113169554e-5,0.0026157956685616485,9.956046552955428e-4,ALOX15/ALOXE3/CYP2E1/RRM2,4,all_25
MF,GO:0015081,sodium ion transmembrane transporter activity,4/25,162/18737,0.024691358024691357,18.50567901234568,8.17938019794126,5.9114026408172846e-5,0.0026157956685616485,9.956046552955428e-4,GRIN1/SLC1A1/SLC6A3/TPCN1,4,all_25
MF,GO:0015280,ligand-gated sodium channel activity,2/25,18/18737,0.1111111111111111,83.27555555555554,12.764802294707204,2.580946698006576e-4,0.007647119957414764,0.0029105898142999993,GRIN1/TPCN1,2,all_25
MF,GO:0046873,metal ion transmembrane transporter activity,5/25,444/18737,0.01126126126126126,8.44009009009009,5.799299672237792,2.622668142330705e-4,0.007647119957414764,0.0029105898142999993,GRIN1/SLC1A1/SLC6A3/TPCN1/TRPM7,5,all_25
MF,GO:0015171,amino acid transmembrane transporter activity,3/25,99/18737,0.030303030303030304,22.71151515151515,7.916922879849014,3.024284728921093e-4,0.007647119957414764,0.0029105898142999993,GRIN1/SLC1A1/SLC25A15,3,all_25
MF,GO:1902936,phosphatidylinositol bisphosphate binding,3/25,108/18737,0.027777777777777776,20.818888888888885,7.549961692236421,3.9053943350053627e-4,0.00790590014847414,0.003009084802273833,ALOX15/PLA2G4E/TPCN1,3,all_25
MF,GO:0016702,"oxidoreductase activity, acting on single donors with incorporation of molecular oxygen, incorporation of two atoms of oxygen",2/25,24/18737,0.08333333333333333,62.45666666666666,11.01162091060397,4.6330356660205887e-4,0.00790590014847414,0.003009084802273833,ALOX15/ALOXE3,2,all_25
MF,GO:0016701,"oxidoreductase activity, acting on single donors with incorporation of molecular oxygen",2/25,25/18737,0.08,59.958400000000005,10.78211421394559,5.031792468273688e-4,0.00790590014847414,0.003009084802273833,ALOX15/ALOXE3,2,all_25
MF,GO:0022853,active monoatomic ion transmembrane transporter activity,4/25,287/18737,0.013937282229965157,10.445714285714287,5.894214097239822,5.290240354844578e-4,0.00790590014847414,0.003009084802273833,ATP6V0A4/CYB5A/SLC1A1/SLC6A3,4,all_25
MF,GO:0015291,secondary active transmembrane transporter activity,4/25,288/18737,0.013888888888888888,10.409444444444443,5.881961122667119,5.359932304050265e-4,0.00790590014847414,0.003009084802273833,SLC1A1/SLC25A15/SLC44A1/SLC6A3,4,all_25
MF,GO:0080025,"phosphatidylinositol-3,5-bisphosphate binding",2/25,28/18737,0.07142857142857142,53.534285714285716,10.168219172066369,6.324527921963419e-4,0.008574278586157833,0.0032634780226827318,PLA2G4E/TPCN1,2,all_25
MF,GO:0005262,calcium channel activity,3/25,131/18737,0.022900763358778626,17.163664122137405,6.785741254194344,6.863916254799519e-4,0.008574278586157833,0.0032634780226827318,GRIN1/TPCN1/TRPM7,3,all_25
MF,GO:0099604,ligand-gated calcium channel activity,2/25,30/18737,0.06666666666666667,49.96533333333333,9.810600891040362,7.26633778487952e-4,0.008574278586157833,0.0032634780226827318,GRIN1/TPCN1,2,all_25
MF,GO:0015085,calcium ion transmembrane transporter activity,3/25,148/18737,0.02027027027027027,15.192162162162163,6.335775024970924,9.777087966609727e-4,0.01081590356306201,0.0041166686175198855,GRIN1/TPCN1/TRPM7,3,all_25
MF,GO:0050997,quaternary ammonium group binding,2/25,40/18737,0.05,37.474000000000004,8.440647512788807,0.0012923267600304137,0.013455402148551955,0.005121294900430123,APOC1/TKTL1,2,all_25
MF,GO:1901981,phosphatidylinositol phosphate binding,3/25,181/18737,0.016574585635359115,12.42232044198895,5.64416607478447,0.0017437713808460046,0.015398332325955142,0.005860798506459288,ALOX15/PLA2G4E/TPCN1,3,all_25
MF,GO:0046943,carboxylic acid transmembrane transporter activity,3/25,185/18737,0.016216216216216217,12.15372972972973,5.572613874614576,0.0018560954441455553,0.015398332325955142,0.005860798506459288,GRIN1/SLC1A1/SLC25A15,3,all_25
MF,GO:0005272,sodium channel activity,2/25,48/18737,0.041666666666666664,31.22833333333333,7.664611176041155,0.0018567335698442032,0.015398332325955142,0.005860798506459288,GRIN1/TPCN1,2,all_25
MF,GO:0005342,organic acid transmembrane transporter activity,3/25,186/18737,0.016129032258064516,12.088387096774193,5.555069886117329,0.0018848671063590994,0.015398332325955142,0.005860798506459288,GRIN1/SLC1A1/SLC25A15,3,all_25
MF,GO:0031406,carboxylic acid binding,3/25,187/18737,0.016042780748663103,12.023743315508023,5.537659870526812,0.001913917012265611,0.015398332325955142,0.005860798506459288,APOC1/GRIN1/SLC1A1,3,all_25
MF,GO:0016597,amino acid binding,2/25,51/18737,0.0392156862745098,29.391372549019607,7.42098652680784,0.0020935680524423296,0.016111371534012712,0.006132190176490119,GRIN1/SLC1A1,2,all_25
MF,GO:0043177,organic acid binding,3/25,199/18737,0.01507537688442211,11.298693467336681,5.338577724253416,0.0022845723614398953,0.016848721165619227,0.006412834698778654,APOC1/GRIN1/SLC1A1,3,all_25
MF,GO:0005216,monoatomic ion channel activity,4/25,439/18737,0.009111617312072893,6.8289749430523905,4.517217227077258,0.002544721768087014,0.01775346519773177,0.006757191630418278,GRIN1/SLC1A1/TPCN1/TRPM7,4,all_25
MF,GO:1901618,organic hydroxy compound transmembrane transporter activity,2/25,57/18737,0.03508771929824561,26.29754385964912,6.991585745138225,0.002607853644864554,0.01775346519773177,0.006757191630418278,SLC44A1/SLC6A3,2,all_25
MF,GO:0015179,L-amino acid transmembrane transporter activity,2/25,66/18737,0.030303030303030304,22.71151515151515,6.458425424165706,0.0034792794397651814,0.022808609660682856,0.008681243046587588,SLC1A1/SLC25A15,2,all_25
MF,GO:0005543,phospholipid binding,4/25,494/18737,0.008097165991902834,6.068663967611336,4.173084553978883,0.0038893907874727987,0.024586506049381618,0.009357932721739065,ALOX15/APOC1/PLA2G4E/TPCN1,4,all_25
MF,GO:0015370,solute:sodium symporter activity,2/25,79/18737,0.02531645569620253,18.974177215189872,5.851650232044346,0.004944833259703532,0.03018053403336294,0.01148708996809532,SLC1A1/SLC6A3,2,all_25
MF,GO:0008514,organic anion transmembrane transporter activity,3/25,268/18737,0.011194029850746268,8.389701492537313,4.453699803459099,0.0052729763380282915,0.031082664439826664,0.011830452121016393,GRIN1/SLC1A1/SLC25A15,3,all_25
MF,GO:0005546,"phosphatidylinositol-4,5-bisphosphate binding",2/25,83/18737,0.024096385542168676,18.059759036144577,5.69343401088247,0.00544385648381145,0.031082664439826664,0.011830452121016393,ALOX15/PLA2G4E,2,all_25
MF,GO:0035091,phosphatidylinositol binding,3/25,280/18737,0.010714285714285714,8.030142857142858,4.332224445443817,0.005953420218675046,0.03292985558454635,0.012533516249842204,ALOX15/PLA2G4E/TPCN1,3,all_25
MF,GO:0016410,N-acyltransferase activity,2/25,93/18737,0.021505376344086023,16.117849462365594,5.342078707865859,0.006788112502322812,0.035338115085621694,0.013450130035562228,NAT2/PLA2G4E,2,all_25
MF,GO:0051213,dioxygenase activity,2/25,93/18737,0.021505376344086023,16.117849462365594,5.342078707865859,0.006788112502322812,0.035338115085621694,0.013450130035562228,ALOX15/ALOXE3,2,all_25
MF,GO:0005261,monoatomic cation channel activity,3/25,333/18737,0.009009009009009009,6.752072072072071,3.8711380780646305,0.009576490451261653,0.04842968028209464,0.0184329440264886,GRIN1/TPCN1/TRPM7,3,all_25
MF,GO:0015294,solute:monoatomic cation symporter activity,2/25,116/18737,0.017241379310344827,12.922068965517242,4.707902532901078,0.010387452543310237,0.051071641671275335,0.01943850768338758,SLC1A1/SLC6A3,2,all_25
MF,GO:0015108,chloride transmembrane transporter activity,2/25,120/18737,0.016666666666666666,12.491333333333332,4.615880267517577,0.011083314255886283,0.051979516248986876,0.01978405613996527,SLC1A1/SLC6A3,2,all_25
MF,GO:0022849,glutamate-gated calcium ion channel activity,1/25,10/18737,0.1,74.94800000000001,8.549499005020357,0.013265924748263824,0.051979516248986876,0.01978405613996527,GRIN1,1,all_25
MF,GO:0050308,sugar-phosphatase activity,1/25,10/18737,0.1,74.94800000000001,8.549499005020357,0.013265924748263824,0.051979516248986876,0.01978405613996527,PFKFB1,1,all_25
MF,GO:0015297,antiporter activity,2/25,136/18737,0.014705882352941176,11.021764705882354,4.287398469984686,0.014066004838538535,0.051979516248986876,0.01978405613996527,SLC25A15/SLC44A1,2,all_25
MF,GO:0099094,ligand-gated monoatomic cation channel activity,2/25,136/18737,0.014705882352941176,11.021764705882354,4.287398469984686,0.014066004838538535,0.051979516248986876,0.01978405613996527,GRIN1/TPCN1,2,all_25
MF,GO:0000099,sulfur amino acid transmembrane transporter activity,1/25,11/18737,0.09090909090909091,68.13454545454546,8.140821357177305,0.014583186022429584,0.051979516248986876,0.01978405613996527,SLC1A1,1,all_25
MF,GO:0008199,ferric iron binding,1/25,11/18737,0.09090909090909091,68.13454545454546,8.140821357177305,0.014583186022429584,0.051979516248986876,0.01978405613996527,RRM2,1,all_25
MF,GO:0016594,glycine binding,1/25,11/18737,0.09090909090909091,68.13454545454546,8.140821357177305,0.014583186022429584,0.051979516248986876,0.01978405613996527,GRIN1,1,all_25
MF,GO:0016725,"oxidoreductase activity, acting on CH or CH2 groups",1/25,11/18737,0.09090909090909091,68.13454545454546,8.140821357177305,0.014583186022429584,0.051979516248986876,0.01978405613996527,RRM2,1,all_25
MF,GO:0019203,carbohydrate phosphatase activity,1/25,11/18737,0.09090909090909091,68.13454545454546,8.140821357177305,0.014583186022429584,0.051979516248986876,0.01978405613996527,PFKFB1,1,all_25
MF,GO:0020037,heme binding,2/25,143/18737,0.013986013986013986,10.482237762237762,4.160454579090954,0.015468756724672524,0.051979516248986876,0.01978405613996527,CYB5A/CYP2E1,2,all_25
MF,GO:0003995,acyl-CoA dehydrogenase activity,1/25,12/18737,0.08333333333333333,62.45666666666666,7.783896445875999,0.015898759041196642,0.051979516248986876,0.01978405613996527,TECR,1,all_25
MF,GO:0004859,phospholipase inhibitor activity,1/25,12/18737,0.08333333333333333,62.45666666666666,7.783896445875999,0.015898759041196642,0.051979516248986876,0.01978405613996527,APOC1,1,all_25
MF,GO:0008504,monoamine transmembrane transporter activity,1/25,12/18737,0.08333333333333333,62.45666666666666,7.783896445875999,0.015898759041196642,0.051979516248986876,0.01978405613996527,SLC6A3,1,all_25
MF,GO:0016840,carbon-nitrogen lyase activity,1/25,12/18737,0.08333333333333333,62.45666666666666,7.783896445875999,0.015898759041196642,0.051979516248986876,0.01978405613996527,ASL,1,all_25
MF,GO:0052890,"oxidoreductase activity, acting on the CH-CH group of donors, with a flavin as acceptor",1/25,12/18737,0.08333333333333333,62.45666666666666,7.783896445875999,0.015898759041196642,0.051979516248986876,0.01978405613996527,TECR,1,all_25
MF,GO:0015293,symporter activity,2/25,147/18737,0.013605442176870748,10.197006802721088,4.091794544818186,0.016296411963540373,0.051979516248986876,0.01978405613996527,SLC1A1/SLC6A3,2,all_25
MF,GO:0008509,monoatomic anion transmembrane transporter activity,2/25,148/18737,0.013513513513513514,10.128108108108108,4.075040766570204,0.016506257212401714,0.051979516248986876,0.01978405613996527,SLC1A1/SLC6A3,2,all_25
MF,GO:0015651,quaternary ammonium group transmembrane transporter activity,1/25,13/18737,0.07692307692307693,57.652307692307694,7.468584585579303,0.017212645878258326,0.051979516248986876,0.01978405613996527,SLC25A20,1,all_25
MF,GO:0061459,L-arginine transmembrane transporter activity,1/25,13/18737,0.07692307692307693,57.652307692307694,7.468584585579303,0.017212645878258326,0.051979516248986876,0.01978405613996527,SLC25A15,1,all_25
MF,GO:1901338,catecholamine binding,1/25,13/18737,0.07692307692307693,57.652307692307694,7.468584585579303,0.017212645878258326,0.051979516248986876,0.01978405613996527,SLC6A3,1,all_25
MF,GO:0046906,tetrapyrrole binding,2/25,153/18737,0.013071895424836602,9.797124183006536,3.9936056534546176,0.017572910817270346,0.051979516248986876,0.01978405613996527,CYB5A/CYP2E1,2,all_25
MF,GO:0004065,arylsulfatase activity,1/25,14/18737,0.07142857142857142,53.534285714285716,7.1873280826214145,0.01852484860486825,0.051979516248986876,0.01978405613996527,ARSD,1,all_25
MF,GO:0005313,L-glutamate transmembrane transporter activity,1/25,14/18737,0.07142857142857142,53.534285714285716,7.1873280826214145,0.01852484860486825,0.051979516248986876,0.01978405613996527,SLC1A1,1,all_25
MF,GO:0004129,cytochrome-c oxidase activity,1/25,15/18737,0.06666666666666667,49.96533333333333,6.934362853762958,0.01983536928984786,0.051979516248986876,0.01978405613996527,CYB5A,1,all_25
MF,GO:0015556,C4-dicarboxylate transmembrane transporter activity,1/25,15/18737,0.06666666666666667,49.96533333333333,6.934362853762958,0.01983536928984786,0.051979516248986876,0.01978405613996527,SLC1A1,1,all_25
MF,GO:0015926,glucosidase activity,1/25,15/18737,0.06666666666666667,49.96533333333333,6.934362853762958,0.01983536928984786,0.051979516248986876,0.01978405613996527,GBA3,1,all_25
MF,GO:0043176,amine binding,1/25,15/18737,0.06666666666666667,49.96533333333333,6.934362853762958,0.01983536928984786,0.051979516248986876,0.01978405613996527,SLC6A3,1,all_25
MF,GO:0015103,inorganic anion transmembrane transporter activity,2/25,166/18737,0.012048192771084338,9.029879518072288,3.7983393865258854,0.020479778636188533,0.051979516248986876,0.01978405613996527,SLC1A1/SLC6A3,2,all_25
MF,GO:0015399,primary active transmembrane transporter activity,2/25,166/18737,0.012048192771084338,9.029879518072288,3.7983393865258854,0.020479778636188533,0.051979516248986876,0.01978405613996527,ATP6V0A4/CYB5A,2,all_25
MF,GO:0022832,voltage-gated channel activity,2/25,166/18737,0.012048192771084338,9.029879518072288,3.7983393865258854,0.020479778636188533,0.051979516248986876,0.01978405613996527,GRIN1/TPCN1,2,all_25
MF,GO:0004970,glutamate-gated receptor activity,1/25,16/18737,0.0625,46.8425,6.705205647811082,0.021144209999587882,0.051979516248986876,0.01978405613996527,GRIN1,1,all_25
MF,GO:0008392,arachidonate epoxygenase activity,1/25,16/18737,0.0625,46.8425,6.705205647811082,0.021144209999587882,0.051979516248986876,0.01978405613996527,CYP2E1,1,all_25
MF,GO:0015378,sodium:chloride symporter activity,1/25,16/18737,0.0625,46.8425,6.705205647811082,0.021144209999587882,0.051979516248986876,0.01978405613996527,SLC6A3,1,all_25
MF,GO:0016675,"oxidoreductase activity, acting on a heme group of donors",1/25,16/18737,0.0625,46.8425,6.705205647811082,0.021144209999587882,0.051979516248986876,0.01978405613996527,CYB5A,1,all_25
MF,GO:0055102,lipase inhibitor activity,1/25,16/18737,0.0625,46.8425,6.705205647811082,0.021144209999587882,0.051979516248986876,0.01978405613996527,APOC1,1,all_25
MF,GO:0008484,sulfuric ester hydrolase activity,1/25,17/18737,0.058823529411764705,44.08705882352942,6.496309789165729,0.02245137279805043,0.05298523980339901,0.020166847144915474,ARSD,1,all_25
MF,GO:0015278,intracellularly gated calcium channel activity,1/25,17/18737,0.058823529411764705,44.08705882352942,6.496309789165729,0.02245137279805043,0.05298523980339901,0.020166847144915474,TPCN1,1,all_25
MF,GO:0047498,calcium-dependent phospholipase A2 activity,1/25,17/18737,0.058823529411764705,44.08705882352942,6.496309789165729,0.02245137279805043,0.05298523980339901,0.020166847144915474,PLA2G4E,1,all_25
MF,GO:0008391,arachidonate monooxygenase activity,1/25,18/18737,0.05555555555555555,41.63777777777777,6.3048276675483645,0.02375685974677033,0.05322739462251074,0.020259014307705547,CYP2E1,1,all_25
MF,GO:0008970,phospholipase A1 activity,1/25,18/18737,0.05555555555555555,41.63777777777777,6.3048276675483645,0.02375685974677033,0.05322739462251074,0.020259014307705547,PLA2G4E,1,all_25
MF,GO:0015172,acidic amino acid transmembrane transporter activity,1/25,18/18737,0.05555555555555555,41.63777777777777,6.3048276675483645,0.02375685974677033,0.05322739462251074,0.020259014307705547,SLC1A1,1,all_25
MF,GO:0015373,monoatomic anion:sodium symporter activity,1/25,18/18737,0.05555555555555555,41.63777777777777,6.3048276675483645,0.02375685974677033,0.05322739462251074,0.020259014307705547,SLC6A3,1,all_25
MF,GO:0015276,ligand-gated monoatomic ion channel activity,2/25,184/18737,0.010869565217391304,8.146521739130435,3.560777992834428,0.024812676774717976,0.05464445619378541,0.020798365723474675,GRIN1/TPCN1,2,all_25
MF,GO:0015078,proton transmembrane transporter activity,2/25,185/18737,0.010810810810810811,8.102486486486487,3.548536292157062,0.025063568373959226,0.05464445619378541,0.020798365723474675,ATP6V0A4/CYB5A,2,all_25
MF,GO:0022834,ligand-gated channel activity,2/25,186/18737,0.010752688172043012,8.058924731182797,3.5363862985961334,0.025315510779041827,0.05464445619378541,0.020798365723474675,GRIN1/TPCN1,2,all_25
MF,GO:0005326,neurotransmitter transmembrane transporter activity,1/25,20/18737,0.05,37.474000000000004,5.965249461833261,0.026362814329020323,0.054896683955724675,0.020894366774703414,SLC6A3,1,all_25
MF,GO:0015095,magnesium ion transmembrane transporter activity,1/25,20/18737,0.05,37.474000000000004,5.965249461833261,0.026362814329020323,0.054896683955724675,0.020894366774703414,TRPM7,1,all_25
MF,GO:0015174,basic amino acid transmembrane transporter activity,1/25,20/18737,0.05,37.474000000000004,5.965249461833261,0.026362814329020323,0.054896683955724675,0.020894366774703414,SLC25A15,1,all_25
MF,GO:0005248,voltage-gated sodium channel activity,1/25,21/18737,0.047619047619047616,35.689523809523806,5.81366236649743,0.027663286073518645,0.0556409276706,0.021177635271593224,TPCN1,1,all_25
MF,GO:0010314,phosphatidylinositol-5-phosphate binding,1/25,21/18737,0.047619047619047616,35.689523809523806,5.81366236649743,0.027663286073518645,0.0556409276706,0.021177635271593224,PLA2G4E,1,all_25
MF,GO:0019200,carbohydrate kinase activity,1/25,21/18737,0.047619047619047616,35.689523809523806,5.81366236649743,0.027663286073518645,0.0556409276706,0.021177635271593224,PFKFB1,1,all_25
MF,GO:0015377,chloride:monoatomic cation symporter activity,1/25,22/18737,0.045454545454545456,34.06727272727273,5.672351575076421,0.02896209019021878,0.057463465634881125,0.021871316090588122,SLC6A3,1,all_25
MF,GO:0016829,lyase activity,2/25,201/18737,0.009950248756218905,7.457512437810945,3.364368890133407,0.029218711339770064,0.057463465634881125,0.021871316090588122,ALOXE3/ASL,2,all_25
MF,GO:0005283,amino acid:sodium symporter activity,1/25,23/18737,0.043478260869565216,32.58608695652174,5.5401914267095425,0.03025922872857012,0.05885586247205397,0.02240127979905712,SLC1A1,1,all_25
MF,GO:0042625,ATPase-coupled ion transmembrane transporter activity,1/25,24/18737,0.041666666666666664,31.22833333333333,5.416221957358145,0.031554703735611866,0.059416835757481926,0.022614793270763264,ATP6V0A4,1,all_25
MF,GO:0044769,"ATPase activity, coupled to transmembrane movement of ions, rotational mechanism",1/25,24/18737,0.041666666666666664,31.22833333333333,5.416221957358145,0.031554703735611866,0.059416835757481926,0.022614793270763264,ATP6V0A4,1,all_25
MF,GO:0046961,"proton-transporting ATPase activity, rotational mechanism",1/25,24/18737,0.041666666666666664,31.22833333333333,5.416221957358145,0.031554703735611866,0.059416835757481926,0.022614793270763264,ATP6V0A4,1,all_25
MF,GO:0015296,monoatomic anion:monoatomic cation symporter activity,1/25,25/18737,0.04,29.979200000000002,5.299618785936729,0.03284851725597826,0.061201974255875286,0.023294239383740818,SLC6A3,1,all_25
MF,GO:0008066,glutamate receptor activity,1/25,26/18737,0.038461538461538464,28.826153846153847,5.1896694320480865,0.034140671331897576,0.062297926038617224,0.023711372384606022,GRIN1,1,all_25
MF,GO:0070330,aromatase activity,1/25,26/18737,0.038461538461538464,28.826153846153847,5.1896694320480865,0.034140671331897576,0.062297926038617224,0.023711372384606022,CYP2E1,1,all_25
MF,GO:0016747,"acyltransferase activity, transferring groups other than amino-acyl groups",2/25,224/18737,0.008928571428571428,6.6917857142857144,3.1324380352584247,0.03563875509715939,0.06436795563466544,0.024499251624255654,NAT2/PLA2G4E,2,all_25
MF,GO:0016866,intramolecular transferase activity,1/25,28/18737,0.03571428571428571,26.767142857142858,4.987332604735984,0.03672000930730923,0.06565092573124984,0.02498756614213494,ALOXE3,1,all_25
MF,GO:0005416,amino acid:monoatomic cation symporter activity,1/25,29/18737,0.034482758620689655,25.844137931034485,4.893928148471168,0.03800719727926494,0.06623632294716092,0.025210375668262255,SLC1A1,1,all_25
MF,GO:0043325,"phosphatidylinositol-3,4-bisphosphate binding",1/25,29/18737,0.034482758620689655,25.844137931034485,4.893928148471168,0.03800719727926494,0.06623632294716092,0.025210375668262255,PLA2G4E,1,all_25
MF,GO:0005217,intracellularly ligand-gated monoatomic ion channel activity,1/25,30/18737,0.03333333333333333,24.982666666666663,4.805121398190366,0.03929273395170563,0.06623632294716092,0.025210375668262255,TPCN1,1,all_25
MF,GO:0031210,phosphatidylcholine binding,1/25,30/18737,0.03333333333333333,24.982666666666663,4.805121398190366,0.03929273395170563,0.06623632294716092,0.025210375668262255,APOC1,1,all_25
MF,GO:0033764,"steroid dehydrogenase activity, acting on the CH-OH group of donors, NAD or NADP as acceptor",1/25,30/18737,0.03333333333333333,24.982666666666663,4.805121398190366,0.03929273395170563,0.06623632294716092,0.025210375668262255,HSD11B1,1,all_25
MF,GO:0051721,protein phosphatase 2A binding,1/25,30/18737,0.03333333333333333,24.982666666666663,4.805121398190366,0.03929273395170563,0.06623632294716092,0.025210375668262255,SLC6A3,1,all_25
MF,GO:0005310,dicarboxylic acid transmembrane transporter activity,1/25,31/18737,0.03225806451612903,24.176774193548386,4.720540306884897,0.040576621354880826,0.06712207457770006,0.025547503853540314,SLC1A1,1,all_25
MF,GO:0070273,phosphatidylinositol-4-phosphate binding,1/25,31/18737,0.03225806451612903,24.176774193548386,4.720540306884897,0.040576621354880826,0.06712207457770006,0.025547503853540314,PLA2G4E,1,all_25
MF,GO:0016628,"oxidoreductase activity, acting on the CH-CH group of donors, NAD or NADP as acceptor",1/25,32/18737,0.03125,23.42125,4.6398537628329235,0.04185886151665419,0.06860202304118325,0.02611079080960885,TECR,1,all_25
MF,GO:0016229,steroid dehydrogenase activity,1/25,33/18737,0.030303030303030304,22.71151515151515,4.562765970173441,0.04313945646250161,0.07005214489782371,0.02666272538483924,HSD11B1,1,all_25
MF,GO:0019825,oxygen binding,1/25,34/18737,0.029411764705882353,22.04352941176471,4.489011744794854,0.044418408215519345,0.07147325685588113,0.02720361842864343,CYP2E1,1,all_25
MF,GO:0004623,phospholipase A2 activity,1/25,35/18737,0.02857142857142857,21.413714285714285,4.418352554367536,0.045695718796421536,0.07157647988466029,0.027242906408672368,PLA2G4E,1,all_25
MF,GO:0005343,organic acid:sodium symporter activity,1/25,35/18737,0.02857142857142857,21.413714285714285,4.418352554367536,0.045695718796421536,0.07157647988466029,0.027242906408672368,SLC1A1,1,all_25
MF,GO:0016709,"oxidoreductase activity, acting on paired donors, with incorporation or reduction of molecular oxygen, NAD(P)H as one donor, and incorporation of one atom of oxygen",1/25,35/18737,0.02857142857142857,21.413714285714285,4.418352554367536,0.045695718796421536,0.07157647988466029,0.027242906408672368,CYP2E1,1,all_25
MF,GO:0005547,"phosphatidylinositol-3,4,5-trisphosphate binding",1/25,40/18737,0.025,18.737000000000002,4.104616026055137,0.052057724677987416,0.08082646726319098,0.03076356767674233,PLA2G4E,1,all_25
MF,GO:0015175,neutral L-amino acid transmembrane transporter activity,1/25,41/18737,0.024390243902439025,18.28,4.048644605672815,0.053325230528287304,0.08207448524788567,0.03123857898224611,SLC1A1,1,all_25
MF,GO:0051879,Hsp90 protein binding,1/25,42/18737,0.023809523809523808,17.844761904761903,3.994616816866824,0.05459110928506872,0.08329850296083761,0.03170445548316151,CYP2E1,1,all_25
MF,GO:0016712,"oxidoreductase activity, acting on paired donors, with incorporation or reduction of molecular oxygen, reduced flavin or flavoprotein as one donor, and incorporation of one atom of oxygen",1/25,44/18737,0.022727272727272728,17.033636363636365,3.8919495659769114,0.05711799352281666,0.08640927225246622,0.03288845331048373,CYP2E1,1,all_25
MF,GO:0005504,fatty acid binding,1/25,47/18737,0.02127659574468085,15.946382978723404,3.74997802960347,0.06089616664587916,0.09057665122958497,0.03447461004277989,APOC1,1,all_25
MF,GO:0032266,phosphatidylinositol-3-phosphate binding,1/25,47/18737,0.02127659574468085,15.946382978723404,3.74997802960347,0.06089616664587916,0.09057665122958497,0.03447461004277989,PLA2G4E,1,all_25
MF,GO:0022836,gated channel activity,2/25,308/18737,0.006493506493506494,4.866753246753247,2.501032129281256,0.06305436596840086,0.09300518980339127,0.03539894229804961,GRIN1/TPCN1,2,all_25
MF,GO:0030544,Hsp70 protein binding,1/25,51/18737,0.0196078431372549,14.695686274509804,3.5798023904284233,0.0659111284042071,0.09641545229375749,0.03669693099494784,CYP2E1,1,all_25
MF,GO:0005544,calcium-dependent phospholipid binding,1/25,53/18737,0.018867924528301886,14.141132075471699,3.5017418335809745,0.06840895826366522,0.09924906239892413,0.037775438558020485,PLA2G4E,1,all_25
MF,GO:0019829,ATPase-coupled monoatomic cation transmembrane transporter activity,1/25,54/18737,0.018518518518518517,13.879259259259259,3.4642784913967817,0.06965546736468231,0.09942756228668363,0.037843377855175456,ATP6V0A4,1,all_25
MF,GO:0050661,NADP binding,1/25,54/18737,0.018518518518518517,13.879259259259259,3.4642784913967817,0.06965546736468231,0.09942756228668363,0.037843377855175456,HSD11B1,1,all_25
