ONTOLOGY,ID,Description,GeneRatio,BgRatio,RichFactor,FoldEnrichment,zScore,pvalue,p.adjust,qvalue,geneID,Count,GeneSet,Description_TR
BP,GO:0043603,amide metabolic process,6/17,472/18986,0.012711864406779662,14.19690927218345,8.691618261930428,2.242433974609048e-6,8.609298641012046e-4,4.887997985158104e-4,ALOXE3/ASL/GBA3/PLA2G4E/SLC1A1/SLC25A15,6,Rpost_18,Amit metabolik süreci
BP,GO:0015695,organic cation transport,4/17,120/18986,0.03333333333333333,37.227450980392156,11.917798233437964,3.3894876539417506e-6,8.609298641012046e-4,4.887997985158104e-4,SLC1A1/SLC25A15/SLC44A1/SLC6A3,4,Rpost_18,Organik katyon taşınımı
BP,GO:0043604,amide biosynthetic process,4/17,175/18986,0.022857142857142857,25.527394957983194,9.758252471446847,1.5113686152693546e-5,0.0025592508551894404,0.0014530350897677307,ALOXE3/ASL/SLC1A1/SLC25A15,4,Rpost_18,Amit biyosentetik süreci
BP,GO:0000050,urea cycle,2/17,12/18986,0.16666666666666666,186.13725490196077,19.20492157652966,4.954282238303393e-5,0.005707905084121574,0.003240708647014736,ASL/SLC25A15,2,Rpost_18,Üre döngüsü
BP,GO:0019627,urea metabolic process,2/17,14/18986,0.14285714285714285,159.54621848739495,17.76523231324587,6.823711706075148e-5,0.005707905084121574,0.003240708647014736,ASL/SLC25A15,2,Rpost_18,Üre metabolik süreci
BP,GO:0051262,protein tetramerization,3/17,99/18986,0.030303030303030304,33.84313725490196,9.808176796266828,8.868234897051933e-5,0.005707905084121574,0.003240708647014736,GRIN1/RRM2/TRPM7,3,Rpost_18,Protein tetramerizasyonu
BP,GO:0051290,protein heterotetramerization,2/17,16/18986,0.125,139.60294117647058,16.603754953374022,8.988826904128463e-5,0.005707905084121574,0.003240708647014736,GRIN1/RRM2,2,Rpost_18,Protein heterotetramerizasyonu
BP,GO:0071941,nitrogen cycle metabolic process,2/17,16/18986,0.125,139.60294117647058,16.603754953374022,8.988826904128463e-5,0.005707905084121574,0.003240708647014736,ASL/SLC25A15,2,Rpost_18,Azot döngüsü metabolik süreci
BP,GO:0042402,cellular biogenic amine catabolic process,2/17,19/18986,0.10526315789473684,117.56037151702786,15.217241904722307,1.2788855128697052e-4,0.007218598228197892,0.004098416731301746,SLC44A1/SLC6A3,2,Rpost_18,
BP,GO:0009310,amine catabolic process,2/17,21/18986,0.09523809523809523,106.3641456582633,14.462175154100365,1.5689077436500107e-4,0.007428477269423807,0.004217577231293253,SLC44A1/SLC6A3,2,Rpost_18,
BP,GO:0009308,amine metabolic process,3/17,121/18986,0.024793388429752067,27.689839572192515,8.816938000017368,1.6085285425917694e-4,0.007428477269423807,0.004217577231293253,SLC1A1/SLC44A1/SLC6A3,3,Rpost_18,Amin metabolik süreci
BP,GO:0006829,zinc ion transport,2/17,31/18986,0.06451612903225806,72.05313092979127,11.852493215785287,3.455765017502581e-4,0.013504066376087009,0.007667041415349856,SLC1A1/TRPM7,2,Rpost_18,Çinko iyonu taşınımı
BP,GO:0051291,protein heterooligomerization,2/17,31/18986,0.06451612903225806,72.05313092979127,11.852493215785287,3.455765017502581e-4,0.013504066376087009,0.007667041415349856,GRIN1/RRM2,2,Rpost_18,Protein heterooligomerizasyonu
BP,GO:0006865,amino acid transport,3/17,165/18986,0.01818181818181818,20.305882352941175,7.45620471339816,4.007293606952711e-4,0.01454075108808555,0.008255627430864986,SLC1A1/SLC25A15/SLC6A3,3,Rpost_18,Amino asit taşınımı
BP,GO:0035725,sodium ion transmembrane transport,3/17,188/18986,0.015957446808510637,17.82165206508135,6.939038403342317,5.865665499977522e-4,0.019246979624421817,0.010927626226878531,GRIN1/SLC6A3/TPCN1,3,Rpost_18,Sodyum iyonu transmembran taşınımı
BP,GO:0042417,dopamine metabolic process,2/17,41/18986,0.04878048780487805,54.47919655667145,10.26211886518959,6.062040826589548e-4,0.019246979624421817,0.010927626226878531,SLC1A1/SLC6A3,2,Rpost_18,
BP,GO:0007626,locomotory behavior,3/17,213/18986,0.014084507042253521,15.729908864954432,6.471881617543836,8.429279866240675e-4,0.025188671600295667,0.014301069246748888,ASL/SLC1A1/SLC6A3,3,Rpost_18,
BP,GO:0007215,glutamate receptor signaling pathway,2/17,55/18986,0.03636363636363636,40.61176470588235,8.806965617155255,0.0010897622306272517,0.027966214893260847,0.015878041609518178,GRIN1/SLC1A1,2,Rpost_18,
BP,GO:0031331,positive regulation of cellular catabolic process,3/17,235/18986,0.01276595744680851,14.25732165206508,6.121883360013662,0.0011198011643141852,0.027966214893260847,0.015878041609518178,DHRSX/PFKFB1/TPCN1,3,Rpost_18,Hücresel katabolik sürecin pozitif düzenlenmesi
BP,GO:0006584,catecholamine metabolic process,2/17,57/18986,0.03508771929824561,39.18679050567595,8.643592699968295,0.0011699873975932267,0.027966214893260847,0.015878041609518178,SLC1A1/SLC6A3,2,Rpost_18,
BP,GO:0009712,catechol-containing compound metabolic process,2/17,57/18986,0.03508771929824561,39.18679050567595,8.643592699968295,0.0011699873975932267,0.027966214893260847,0.015878041609518178,SLC1A1/SLC6A3,2,Rpost_18,Katekol içeren bileşik metabolik süreci
BP,GO:0042220,response to cocaine,2/17,58/18986,0.034482758620689655,38.51115618661258,8.5650445589111,0.0012111352906530289,0.027966214893260847,0.015878041609518178,SLC1A1/SLC6A3,2,Rpost_18,
BP,GO:0006814,sodium ion transport,3/17,251/18986,0.01195219123505976,13.3484883993438,5.8956453829579285,0.0013535238549235646,0.029895222534833513,0.016973251086913353,GRIN1/SLC6A3/TPCN1,3,Rpost_18,Sodyum iyonu taşınımı
BP,GO:0051259,protein complex oligomerization,3/17,275/18986,0.01090909090909091,12.183529411764706,5.592477879141039,0.0017584326490993354,0.03722015773926927,0.021132041484790264,GRIN1/RRM2/TRPM7,3,Rpost_18,Protein kompleksi oligomerizasyonu
BP,GO:1902475,L-alpha-amino acid transmembrane transport,2/17,80/18986,0.025,27.92058823529412,7.223326657072264,0.0022886620259799074,0.04650561236791172,0.026403932426041887,SLC1A1/SLC25A15,2,Rpost_18,L-alfa-amino asit transmembran taşınımı
BP,GO:0010232,vascular transport,2/17,88/18986,0.022727272727272728,25.38235294117647,6.863040637028703,0.002760831571759717,0.04993205933839022,0.02834932502842711,SLC1A1/SLC44A1,2,Rpost_18,Vasküler taşınım
BP,GO:0150104,transport across blood-brain barrier,2/17,88/18986,0.022727272727272728,25.38235294117647,6.863040637028703,0.002760831571759717,0.04993205933839022,0.02834932502842711,SLC1A1/SLC44A1,2,Rpost_18,Kan-beyin bariyerinden taşınım
BP,GO:0008306,associative learning,2/17,90/18986,0.022222222222222223,24.818300653594775,6.780389313456646,0.0028854524251315777,0.04993205933839022,0.02834932502842711,GRIN1/SLC1A1,2,Rpost_18,
BP,GO:0050890,cognition,3/17,329/18986,0.00911854103343465,10.183801180046487,5.030452580583441,0.0029275660554445694,0.04993205933839022,0.02834932502842711,GRIN1/SLC1A1/SLC6A3,3,Rpost_18,
BP,GO:0051591,response to cAMP,2/17,91/18986,0.02197802197802198,24.54557207498384,6.740064272477697,0.002948743661715958,0.04993205933839022,0.02834932502842711,PFKFB1/SLC6A3,2,Rpost_18,cAMP'ye yanıt
BP,GO:0070588,calcium ion transmembrane transport,3/17,348/18986,0.008620689655172414,9.627789046653145,4.8629189279675344,0.0034300689435410045,0.0530411367548209,0.030114528534647595,GRIN1/TPCN1/TRPM7,3,Rpost_18,Kalsiyum iyonu transmembran taşınımı
BP,GO:0006576,biogenic amine metabolic process,2/17,99/18986,0.020202020202020204,22.562091503267975,6.439238855897367,0.0034784707117790394,0.0530411367548209,0.030114528534647595,SLC1A1/SLC6A3,2,Rpost_18,Biyojenik amin metabolik süreci
BP,GO:0016042,lipid catabolic process,3/17,351/18986,0.008547008547008548,9.545500251382606,4.837643871524811,0.0035139601952038245,0.0530411367548209,0.030114528534647595,GBA3/HSD11B1/PLA2G4E,3,Rpost_18,Lipit katabolik süreci
BP,GO:0000041,transition metal ion transport,2/17,102/18986,0.0196078431372549,21.898500576701267,6.335425097128128,0.003687771192639565,0.0530411367548209,0.030114528534647595,SLC1A1/TRPM7,2,Rpost_18,Geçiş metali iyonu taşınımı
BP,GO:0015807,L-amino acid transport,2/17,102/18986,0.0196078431372549,21.898500576701267,6.335425097128128,0.003687771192639565,0.0530411367548209,0.030114528534647595,SLC1A1/SLC25A15,2,Rpost_18,
BP,GO:0043279,response to alkaloid,2/17,103/18986,0.019417475728155338,21.68589377498572,6.301804835834785,0.003758820714908568,0.0530411367548209,0.030114528534647595,SLC1A1/SLC6A3,2,Rpost_18,
BP,GO:0003333,amino acid transmembrane transport,2/17,108/18986,0.018518518518518517,20.681917211328972,6.140572038945243,0.004123640634695133,0.05661647141689534,0.03214445331170602,SLC1A1/SLC25A15,2,Rpost_18,Amino asit transmembran taşınımı
BP,GO:0006672,ceramide metabolic process,2/17,112/18986,0.017857142857142856,19.94327731092437,6.019212781775854,0.004426919699467872,0.05918092650867576,0.033600443148315715,ALOXE3/GBA3,2,Rpost_18,Seramit metabolik süreci
BP,GO:0018958,phenol-containing compound metabolic process,2/17,117/18986,0.017094017094017096,19.091000502765212,5.876092415640797,0.004820186540559385,0.06278601955395302,0.03564726348483865,SLC1A1/SLC6A3,2,Rpost_18,Fenol içeren bileşik metabolik süreci
BP,GO:0009185,ribonucleoside diphosphate metabolic process,2/17,126/18986,0.015873015873015872,17.72735760971055,5.63961313273722,0.005567340627598784,0.07070522597050456,0.040143456104264924,PFKFB1/RRM2,2,Rpost_18,Ribonükleozit difosfat metabolik süreci
BP,GO:0045471,response to ethanol,2/17,129/18986,0.015503875968992248,17.315093479252166,5.566159720837944,0.005827506668688005,0.0722042289681343,0.040994527014647335,GRIN1/SLC6A3,2,Rpost_18,
BP,GO:0009132,nucleoside diphosphate metabolic process,2/17,133/18986,0.015037593984962405,16.794338788146838,5.471980981352173,0.006182962049010278,0.0747843981166005,0.042459438632301165,PFKFB1/RRM2,2,Rpost_18,Nükleozit difosfat metabolik süreci
BP,GO:0046683,response to organophosphorus,2/17,135/18986,0.014814814814814815,16.54553376906318,5.426413308699436,0.0063643428804092085,0.07518805077320646,0.042688615648277195,PFKFB1/SLC6A3,2,Rpost_18,Organofosfora yanıt
BP,GO:0006816,calcium ion transport,3/17,445/18986,0.006741573033707865,7.529147389292795,4.172318410435587,0.006809655812795522,0.07545977156465807,0.042842887295309384,GRIN1/TPCN1/TRPM7,3,Rpost_18,Kalsiyum iyonu taşınımı
BP,GO:0009410,response to xenobiotic stimulus,3/17,451/18986,0.0066518847006651885,7.428981348637016,4.136582446785302,0.0070659418122626366,0.07545977156465807,0.042842887295309384,GRIN1/SLC1A1/SLC6A3,3,Rpost_18,Ksenobiyotik uyarana yanıt
BP,GO:0014074,response to purine-containing compound,2/17,150/18986,0.013333333333333334,14.890980392156862,5.113187635870291,0.007801413871419758,0.07545977156465807,0.042842887295309384,PFKFB1/SLC6A3,2,Rpost_18,Pürin içeren bileşiğe yanıt
BP,GO:0031329,regulation of cellular catabolic process,3/17,472/18986,0.006355932203389831,7.098454636091725,4.016504061017864,0.008008332051706236,0.07545977156465807,0.042842887295309384,DHRSX/PFKFB1/TPCN1,3,Rpost_18,Hücresel katabolik sürecin düzenlenmesi
BP,GO:1905039,carboxylic acid transmembrane transport,2/17,156/18986,0.01282051282051282,14.318250377073907,5.000251600204605,0.008413657264024734,0.07545977156465807,0.042842887295309384,SLC1A1/SLC25A15,2,Rpost_18,Karboksilik asit transmembran taşınımı
BP,GO:0098876,vesicle-mediated transport to the plasma membrane,2/17,157/18986,0.012738853503184714,14.227051330086177,4.982035072532178,0.008517750520158353,0.07545977156465807,0.042842887295309384,PLA2G4E/SLC1A1,2,Rpost_18,Vezikül aracılı plazma membranına taşınım
BP,GO:0007612,learning,2/17,159/18986,0.012578616352201259,14.048094709581946,4.946097172495343,0.008727687454764856,0.07545977156465807,0.042842887295309384,GRIN1/SLC1A1,2,Rpost_18,
BP,GO:1903825,organic acid transmembrane transport,2/17,159/18986,0.012578616352201259,14.048094709581946,4.946097172495343,0.008727687454764856,0.07545977156465807,0.042842887295309384,SLC1A1/SLC25A15,2,Rpost_18,
BP,GO:0006591,ornithine metabolic process,1/17,10/18986,0.1,111.68235294117648,10.480538322705925,0.008920079910512246,0.07545977156465807,0.042842887295309384,ASL,1,Rpost_18,Ornitin metabolik süreci
BP,GO:0019614,catechol-containing compound catabolic process,1/17,10/18986,0.1,111.68235294117648,10.480538322705925,0.008920079910512246,0.07545977156465807,0.042842887295309384,SLC6A3,1,Rpost_18,
BP,GO:0042420,dopamine catabolic process,1/17,10/18986,0.1,111.68235294117648,10.480538322705925,0.008920079910512246,0.07545977156465807,0.042842887295309384,SLC6A3,1,Rpost_18,
BP,GO:0042424,catecholamine catabolic process,1/17,10/18986,0.1,111.68235294117648,10.480538322705925,0.008920079910512246,0.07545977156465807,0.042842887295309384,SLC6A3,1,Rpost_18,
BP,GO:0071314,cellular response to cocaine,1/17,10/18986,0.1,111.68235294117648,10.480538322705925,0.008920079910512246,0.07545977156465807,0.042842887295309384,SLC1A1,1,Rpost_18,
BP,GO:0120254,olefinic compound metabolic process,2/17,163/18986,0.012269938650306749,13.703356189101408,4.876131393053265,0.009154535033913265,0.07545977156465807,0.042842887295309384,ALOXE3/GRIN1,2,Rpost_18,
BP,GO:0010508,positive regulation of autophagy,2/17,166/18986,0.012048192771084338,13.45570517363572,4.825253090632269,0.00948074132739795,0.07545977156465807,0.042842887295309384,DHRSX/TPCN1,2,Rpost_18,Otofajinin pozitif düzenlenmesi
BP,GO:0006678,glucosylceramide metabolic process,1/17,11/18986,0.09090909090909091,101.52941176470588,9.984035919474167,0.009807957157641156,0.07545977156465807,0.042842887295309384,GBA3,1,Rpost_18,Glukosileseramit metabolik süreci
BP,GO:0015871,choline transport,1/17,11/18986,0.09090909090909091,101.52941176470588,9.984035919474167,0.009807957157641156,0.07545977156465807,0.042842887295309384,SLC44A1,1,Rpost_18,Kolin taşınımı
BP,GO:0019372,lipoxygenase pathway,1/17,11/18986,0.09090909090909091,101.52941176470588,9.984035919474167,0.009807957157641156,0.07545977156465807,0.042842887295309384,ALOXE3,1,Rpost_18,Lipoksijenaz yolağı
BP,GO:0046477,glycosylceramide catabolic process,1/17,11/18986,0.09090909090909091,101.52941176470588,9.984035919474167,0.009807957157641156,0.07545977156465807,0.042842887295309384,GBA3,1,Rpost_18,Glikosileseramit katabolik süreci
BP,GO:0046689,response to mercury ion,1/17,11/18986,0.09090909090909091,101.52941176470588,9.984035919474167,0.009807957157641156,0.07545977156465807,0.042842887295309384,SLC1A1,1,Rpost_18,Cıva iyonuna yanıt
BP,GO:0070778,L-aspartate transmembrane transport,1/17,11/18986,0.09090909090909091,101.52941176470588,9.984035919474167,0.009807957157641156,0.07545977156465807,0.042842887295309384,SLC1A1,1,Rpost_18,L-aspartat transmembran taşınımı
BP,GO:0006665,sphingolipid metabolic process,2/17,173/18986,0.011560693641618497,12.911254675280517,4.711498719255121,0.010261962703981784,0.07545977156465807,0.042842887295309384,ALOXE3/GBA3,2,Rpost_18,Sfingolipit metabolik süreci
BP,GO:0050806,positive regulation of synaptic transmission,2/17,176/18986,0.011363636363636364,12.691176470588236,4.664742716242247,0.010605310574623014,0.07545977156465807,0.042842887295309384,GRIN1/SLC1A1,2,Rpost_18,Sinaptik iletimin pozitif düzenlenmesi
BP,GO:0000101,sulfur amino acid transport,1/17,12/18986,0.08333333333333333,93.06862745098039,9.550594075682591,0.010695085733573584,0.07545977156465807,0.042842887295309384,SLC1A1,1,Rpost_18,Kükürtlü amino asit taşınımı
BP,GO:0019336,phenol-containing compound catabolic process,1/17,12/18986,0.08333333333333333,93.06862745098039,9.550594075682591,0.010695085733573584,0.07545977156465807,0.042842887295309384,SLC6A3,1,Rpost_18,
BP,GO:0042416,dopamine biosynthetic process,1/17,12/18986,0.08333333333333333,93.06862745098039,9.550594075682591,0.010695085733573584,0.07545977156465807,0.042842887295309384,SLC6A3,1,Rpost_18,
BP,GO:0051583,dopamine uptake involved in synaptic transmission,1/17,12/18986,0.08333333333333333,93.06862745098039,9.550594075682591,0.010695085733573584,0.07545977156465807,0.042842887295309384,SLC6A3,1,Rpost_18,
BP,GO:0051934,catecholamine uptake involved in synaptic transmission,1/17,12/18986,0.08333333333333333,93.06862745098039,9.550594075682591,0.010695085733573584,0.07545977156465807,0.042842887295309384,SLC6A3,1,Rpost_18,
BP,GO:0098976,excitatory chemical synaptic transmission,1/17,12/18986,0.08333333333333333,93.06862745098039,9.550594075682591,0.010695085733573584,0.07545977156465807,0.042842887295309384,GRIN1,1,Rpost_18,
BP,GO:0016052,carbohydrate catabolic process,2/17,180/18986,0.011111111111111112,12.409150326797388,4.604143830520737,0.011071013022971709,0.07704211802287163,0.043741277120320825,GBA3/PFKFB1,2,Rpost_18,Karbonhidrat katabolik süreci
BP,GO:0010960,magnesium ion homeostasis,1/17,13/18986,0.07692307692307693,85.90950226244344,9.16785025455247,0.011581466230176085,0.07741295848591383,0.04395182475163778,TRPM7,1,Rpost_18,Magnezyum iyonu homeostazı
BP,GO:0060134,prepulse inhibition,1/17,13/18986,0.07692307692307693,85.90950226244344,9.16785025455247,0.011581466230176085,0.07741295848591383,0.04395182475163778,SLC6A3,1,Rpost_18,
BP,GO:0075509,endocytosis involved in viral entry into host cell,1/17,13/18986,0.07692307692307693,85.90950226244344,9.16785025455247,0.011581466230176085,0.07741295848591383,0.04395182475163778,TPCN1,1,Rpost_18,Konak hücreye viral girişte rol oynayan endositoz
BP,GO:0006000,fructose metabolic process,1/17,14/18986,0.07142857142857142,79.77310924369748,8.826590751278252,0.01246709923887701,0.07818872115246323,0.04439227019431191,PFKFB1,1,Rpost_18,Fruktoz metabolik süreci
BP,GO:0009263,deoxyribonucleotide biosynthetic process,1/17,14/18986,0.07142857142857142,79.77310924369748,8.826590751278252,0.01246709923887701,0.07818872115246323,0.04439227019431191,RRM2,1,Rpost_18,Deoksiribonükleotit biyosentetik süreci
BP,GO:0009265,2'-deoxyribonucleotide biosynthetic process,1/17,14/18986,0.07142857142857142,79.77310924369748,8.826590751278252,0.01246709923887701,0.07818872115246323,0.04439227019431191,RRM2,1,Rpost_18,2'-deoksiribonükleotit biyosentetik süreci
BP,GO:0010524,positive regulation of calcium ion transport into cytosol,1/17,14/18986,0.07142857142857142,79.77310924369748,8.826590751278252,0.01246709923887701,0.07818872115246323,0.04439227019431191,GRIN1,1,Rpost_18,Kalsiyum iyonunun sitozole taşınımının pozitif düzenlenmesi
BP,GO:0046385,deoxyribose phosphate biosynthetic process,1/17,14/18986,0.07142857142857142,79.77310924369748,8.826590751278252,0.01246709923887701,0.07818872115246323,0.04439227019431191,RRM2,1,Rpost_18,Deoksiriboz fosfat biyosentetik süreci
BP,GO:1902600,proton transmembrane transport,2/17,195/18986,0.010256410256410256,11.454600301659125,4.392960883532091,0.012896843768699418,0.07872114986047736,0.04469456084080149,ATP6V0A4/CYB5A,2,Rpost_18,Proton transmembran taşınımı
BP,GO:0009084,glutamine family amino acid biosynthetic process,1/17,15/18986,0.06666666666666667,74.45490196078431,8.519789095708346,0.013351985350670281,0.07872114986047736,0.04469456084080149,ASL,1,Rpost_18,Glutamin ailesi amino asit biyosentetik süreci
BP,GO:0043278,response to morphine,1/17,15/18986,0.06666666666666667,74.45490196078431,8.519789095708346,0.013351985350670281,0.07872114986047736,0.04469456084080149,SLC1A1,1,Rpost_18,
BP,GO:0060033,anatomical structure regression,1/17,15/18986,0.06666666666666667,74.45490196078431,8.519789095708346,0.013351985350670281,0.07872114986047736,0.04469456084080149,SLC6A3,1,Rpost_18,Anatomik yapı gerilemesi
BP,GO:1903826,L-arginine transmembrane transport,1/17,15/18986,0.06666666666666667,74.45490196078431,8.519789095708346,0.013351985350670281,0.07872114986047736,0.04469456084080149,SLC25A15,1,Rpost_18,L-arjinin transmembran taşınımı
BP,GO:0006750,glutathione biosynthetic process,1/17,16/18986,0.0625,69.80147058823529,8.241980641841947,0.014236125156111723,0.07872114986047736,0.04469456084080149,SLC1A1,1,Rpost_18,Glutatyon biyosentetik süreci
BP,GO:0009313,oligosaccharide catabolic process,1/17,16/18986,0.0625,69.80147058823529,8.241980641841947,0.014236125156111723,0.07872114986047736,0.04469456084080149,GBA3,1,Rpost_18,Oligosakkarit katabolik süreci
BP,GO:0014072,response to isoquinoline alkaloid,1/17,16/18986,0.0625,69.80147058823529,8.241980641841947,0.014236125156111723,0.07872114986047736,0.04469456084080149,SLC1A1,1,Rpost_18,
BP,GO:0021984,adenohypophysis development,1/17,16/18986,0.0625,69.80147058823529,8.241980641841947,0.014236125156111723,0.07872114986047736,0.04469456084080149,SLC6A3,1,Rpost_18,Adenohipofiz gelişimi
BP,GO:0098877,neurotransmitter receptor transport to plasma membrane,1/17,16/18986,0.0625,69.80147058823529,8.241980641841947,0.014236125156111723,0.07872114986047736,0.04469456084080149,SLC1A1,1,Rpost_18,Nörotransmitter reseptörünün plazma membranına taşınımı
BP,GO:0006836,neurotransmitter transport,2/17,209/18986,0.009569377990430622,10.687306501547987,4.215708989643866,0.014711976089163718,0.07872114986047736,0.04469456084080149,SLC1A1/SLC6A3,2,Rpost_18,Nörotransmitter taşınımı
BP,GO:0098712,L-glutamate import across plasma membrane,1/17,17/18986,0.058823529411764705,65.6955017301038,7.988842715836978,0.01511951924532362,0.07872114986047736,0.04469456084080149,SLC1A1,1,Rpost_18,L-glutamatın plazma membranından alımı
BP,GO:0006643,membrane lipid metabolic process,2/17,218/18986,0.009174311926605505,10.246087425796006,4.110406636738357,0.015934203726670374,0.07872114986047736,0.04469456084080149,ALOXE3/GBA3,2,Rpost_18,Membran lipit metabolik süreci
BP,GO:0019184,nonribosomal peptide biosynthetic process,1/17,18/18986,0.05555555555555555,62.04575163398693,7.756904964881235,0.01600216820799083,0.07872114986047736,0.04469456084080149,SLC1A1,1,Rpost_18,Nonribozomal peptit biyosentetik süreci
BP,GO:0042053,regulation of dopamine metabolic process,1/17,18/18986,0.05555555555555555,62.04575163398693,7.756904964881235,0.01600216820799083,0.07872114986047736,0.04469456084080149,SLC6A3,1,Rpost_18,Dopamin metabolik sürecinin düzenlenmesi
BP,GO:0042069,regulation of catecholamine metabolic process,1/17,18/18986,0.05555555555555555,62.04575163398693,7.756904964881235,0.01600216820799083,0.07872114986047736,0.04469456084080149,SLC6A3,1,Rpost_18,Katekolamin metabolik sürecinin düzenlenmesi
BP,GO:0090494,dopamine uptake,1/17,18/18986,0.05555555555555555,62.04575163398693,7.756904964881235,0.01600216820799083,0.07872114986047736,0.04469456084080149,SLC6A3,1,Rpost_18,
BP,GO:0097401,synaptic vesicle lumen acidification,1/17,18/18986,0.05555555555555555,62.04575163398693,7.756904964881235,0.01600216820799083,0.07872114986047736,0.04469456084080149,ATP6V0A4,1,Rpost_18,Sinaptik vezikül lümen asidifikasyonu
BP,GO:0048167,regulation of synaptic plasticity,2/17,220/18986,0.00909090909090909,10.152941176470588,4.087838210526971,0.016211606892657014,0.07872114986047736,0.04469456084080149,GRIN1/SLC1A1,2,Rpost_18,
BP,GO:0007625,grooming behavior,1/17,19/18986,0.05263157894736842,58.78018575851393,7.543344728089257,0.016884072633363334,0.07872114986047736,0.04469456084080149,SLC1A1,1,Rpost_18,
BP,GO:0016137,glycoside metabolic process,1/17,19/18986,0.05263157894736842,58.78018575851393,7.543344728089257,0.016884072633363334,0.07872114986047736,0.04469456084080149,GBA3,1,Rpost_18,Glikozit metabolik süreci
BP,GO:0030812,negative regulation of nucleotide catabolic process,1/17,19/18986,0.05263157894736842,58.78018575851393,7.543344728089257,0.016884072633363334,0.07872114986047736,0.04469456084080149,PFKFB1,1,Rpost_18,Nükleotit katabolik sürecinin negatif düzenlenmesi
BP,GO:0033122,negative regulation of purine nucleotide catabolic process,1/17,19/18986,0.05263157894736842,58.78018575851393,7.543344728089257,0.016884072633363334,0.07872114986047736,0.04469456084080149,PFKFB1,1,Rpost_18,Pürin nükleotit katabolik sürecinin negatif düzenlenmesi
BP,GO:0045820,negative regulation of glycolytic process,1/17,19/18986,0.05263157894736842,58.78018575851393,7.543344728089257,0.016884072633363334,0.07872114986047736,0.04469456084080149,PFKFB1,1,Rpost_18,Glikolitik sürecin negatif düzenlenmesi
BP,GO:0090493,catecholamine uptake,1/17,19/18986,0.05263157894736842,58.78018575851393,7.543344728089257,0.016884072633363334,0.07872114986047736,0.04469456084080149,SLC6A3,1,Rpost_18,
BP,GO:1903428,positive regulation of reactive oxygen species biosynthetic process,1/17,19/18986,0.05263157894736842,58.78018575851393,7.543344728089257,0.016884072633363334,0.07872114986047736,0.04469456084080149,GRIN1,1,Rpost_18,Reaktif oksijen türleri biyosentetik sürecinin pozitif düzenlenmesi
BP,GO:1990822,basic amino acid transmembrane transport,1/17,19/18986,0.05263157894736842,58.78018575851393,7.543344728089257,0.016884072633363334,0.07872114986047736,0.04469456084080149,SLC25A15,1,Rpost_18,Bazik amino asit transmembran taşınımı
BP,GO:0006525,arginine metabolic process,1/17,20/18986,0.05,55.84117647058824,7.345839424819743,0.017765233110256018,0.07872114986047736,0.04469456084080149,ASL,1,Rpost_18,Arjinin metabolik süreci
BP,GO:0010522,regulation of calcium ion transport into cytosol,1/17,20/18986,0.05,55.84117647058824,7.345839424819743,0.017765233110256018,0.07872114986047736,0.04469456084080149,GRIN1,1,Rpost_18,Kalsiyum iyonunun sitozole taşınımının düzenlenmesi
BP,GO:0015810,aspartate transmembrane transport,1/17,20/18986,0.05,55.84117647058824,7.345839424819743,0.017765233110256018,0.07872114986047736,0.04469456084080149,SLC1A1,1,Rpost_18,Aspartat transmembran taşınımı
BP,GO:0043651,linoleic acid metabolic process,1/17,20/18986,0.05,55.84117647058824,7.345839424819743,0.017765233110256018,0.07872114986047736,0.04469456084080149,ALOXE3,1,Rpost_18,Linoleik asit metabolik süreci
BP,GO:0046835,carbohydrate phosphorylation,1/17,20/18986,0.05,55.84117647058824,7.345839424819743,0.017765233110256018,0.07872114986047736,0.04469456084080149,PFKFB1,1,Rpost_18,Karbonhidrat fosforilasyonu
BP,GO:0097254,renal tubular secretion,1/17,20/18986,0.05,55.84117647058824,7.345839424819743,0.017765233110256018,0.07872114986047736,0.04469456084080149,ATP6V0A4,1,Rpost_18,Renal tübüler sekresyon
BP,GO:0019722,calcium-mediated signaling,2/17,235/18986,0.00851063829787234,9.504881101376721,3.9273309843321598,0.018358294913679605,0.07872114986047736,0.04469456084080149,GRIN1/TPCN1,2,Rpost_18,Kalsiyum aracılı sinyal
BP,GO:0006677,glycosylceramide metabolic process,1/17,21/18986,0.047619047619047616,53.18207282913165,7.162458087085889,0.018645650227051114,0.07872114986047736,0.04469456084080149,GBA3,1,Rpost_18,Glikosileseramit metabolik süreci
BP,GO:0015693,magnesium ion transport,1/17,21/18986,0.047619047619047616,53.18207282913165,7.162458087085889,0.018645650227051114,0.07872114986047736,0.04469456084080149,TRPM7,1,Rpost_18,Magnezyum iyonu taşınımı
BP,GO:0097049,motor neuron apoptotic process,1/17,21/18986,0.047619047619047616,53.18207282913165,7.162458087085889,0.018645650227051114,0.07872114986047736,0.04469456084080149,SLC1A1,1,Rpost_18,Motor nöron apoptotik süreci
BP,GO:2001135,regulation of endocytic recycling,1/17,21/18986,0.047619047619047616,53.18207282913165,7.162458087085889,0.018645650227051114,0.07872114986047736,0.04469456084080149,PLA2G4E,1,Rpost_18,Endositik geri dönüşümün düzenlenmesi
BP,GO:0044242,cellular lipid catabolic process,2/17,238/18986,0.008403361344537815,9.385071675729115,3.89695444154427,0.01880147763851338,0.07872114986047736,0.04469456084080149,GBA3/PLA2G4E,2,Rpost_18,Hücresel lipit katabolik süreci
BP,GO:0046434,organophosphate catabolic process,2/17,242/18986,0.008264462809917356,9.229946524064172,3.857279433342583,0.01939947278710912,0.07872114986047736,0.04469456084080149,PFKFB1/PLA2G4E,2,Rpost_18,Organofosfat katabolik süreci
BP,GO:0072593,reactive oxygen species metabolic process,2/17,242/18986,0.008264462809917356,9.229946524064172,3.857279433342583,0.01939947278710912,0.07872114986047736,0.04469456084080149,GRIN1/SLC1A1,2,Rpost_18,Reaktif oksijen türleri metabolik süreci
BP,GO:0009713,catechol-containing compound biosynthetic process,1/17,22/18986,0.045454545454545456,50.76470588235294,6.991580330818526,0.019525324571693203,0.07872114986047736,0.04469456084080149,SLC6A3,1,Rpost_18,
BP,GO:0015802,basic amino acid transport,1/17,22/18986,0.045454545454545456,50.76470588235294,6.991580330818526,0.019525324571693203,0.07872114986047736,0.04469456084080149,SLC25A15,1,Rpost_18,
BP,GO:0042423,catecholamine biosynthetic process,1/17,22/18986,0.045454545454545456,50.76470588235294,6.991580330818526,0.019525324571693203,0.07872114986047736,0.04469456084080149,SLC6A3,1,Rpost_18,
BP,GO:0060004,reflex,1/17,22/18986,0.045454545454545456,50.76470588235294,6.991580330818526,0.019525324571693203,0.07872114986047736,0.04469456084080149,SLC1A1,1,Rpost_18,
BP,GO:0046479,glycosphingolipid catabolic process,1/17,23/18986,0.043478260869565216,48.55754475703325,6.831834922288629,0.020404256731694992,0.07983849359996532,0.045328941662640905,GBA3,1,Rpost_18,Glikosfingolipit katabolik süreci
BP,GO:0046794,transport of virus,1/17,23/18986,0.043478260869565216,48.55754475703325,6.831834922288629,0.020404256731694992,0.07983849359996532,0.045328941662640905,TPCN1,1,Rpost_18,Virüs taşınımı
BP,GO:0097164,ammonium ion metabolic process,1/17,23/18986,0.043478260869565216,48.55754475703325,6.831834922288629,0.020404256731694992,0.07983849359996532,0.045328941662640905,SLC44A1,1,Rpost_18,Amonyum iyonu metabolik süreci
BP,GO:0015874,norepinephrine transport,1/17,24/18986,0.041666666666666664,46.53431372549019,6.682052574459852,0.021282447294135642,0.07983849359996532,0.045328941662640905,SLC6A3,1,Rpost_18,
BP,GO:0033762,response to glucagon,1/17,24/18986,0.041666666666666664,46.53431372549019,6.682052574459852,0.021282447294135642,0.07983849359996532,0.045328941662640905,PFKFB1,1,Rpost_18,
BP,GO:0035357,peroxisome proliferator activated receptor signaling pathway,1/17,24/18986,0.041666666666666664,46.53431372549019,6.682052574459852,0.021282447294135642,0.07983849359996532,0.045328941662640905,ALOXE3,1,Rpost_18,Peroksizom proliferatör ile aktive edilen reseptör sinyal yolağı
BP,GO:0061615,glycolytic process through fructose-6-phosphate,1/17,24/18986,0.041666666666666664,46.53431372549019,6.682052574459852,0.021282447294135642,0.07983849359996532,0.045328941662640905,PFKFB1,1,Rpost_18,Fruktoz-6-fosfat üzerinden glikolitik süreç
BP,GO:1901136,carbohydrate derivative catabolic process,2/17,258/18986,0.007751937984496124,8.657546739626083,3.7073309096760454,0.021871311084133833,0.07983849359996532,0.045328941662640905,GBA3/PFKFB1,2,Rpost_18,
BP,GO:0006706,steroid catabolic process,1/17,25/18986,0.04,44.672941176470594,6.541229234737354,0.022159896845659666,0.07983849359996532,0.045328941662640905,HSD11B1,1,Rpost_18,Steroid katabolik süreci
BP,GO:0010842,retina layer formation,1/17,25/18986,0.04,44.672941176470594,6.541229234737354,0.022159896845659666,0.07983849359996532,0.045328941662640905,SLC1A1,1,Rpost_18,
BP,GO:0030813,positive regulation of nucleotide catabolic process,1/17,25/18986,0.04,44.672941176470594,6.541229234737354,0.022159896845659666,0.07983849359996532,0.045328941662640905,PFKFB1,1,Rpost_18,Nükleotit katabolik sürecinin pozitif düzenlenmesi
BP,GO:0033123,positive regulation of purine nucleotide catabolic process,1/17,25/18986,0.04,44.672941176470594,6.541229234737354,0.022159896845659666,0.07983849359996532,0.045328941662640905,PFKFB1,1,Rpost_18,Pürin nükleotit katabolik sürecinin pozitif düzenlenmesi
BP,GO:0045821,positive regulation of glycolytic process,1/17,25/18986,0.04,44.672941176470594,6.541229234737354,0.022159896845659666,0.07983849359996532,0.045328941662640905,PFKFB1,1,Rpost_18,Glikolitik sürecin pozitif düzenlenmesi
BP,GO:0046514,ceramide catabolic process,1/17,25/18986,0.04,44.672941176470594,6.541229234737354,0.022159896845659666,0.07983849359996532,0.045328941662640905,GBA3,1,Rpost_18,Seramit katabolik süreci
BP,GO:1903579,negative regulation of ATP metabolic process,1/17,25/18986,0.04,44.672941176470594,6.541229234737354,0.022159896845659666,0.07983849359996532,0.045328941662640905,PFKFB1,1,Rpost_18,ATP metabolik sürecinin negatif düzenlenmesi
BP,GO:0010460,positive regulation of heart rate,1/17,26/18986,0.038461538461538464,42.95475113122172,6.408497214982023,0.023036605972479585,0.08044584014883474,0.04567376751094223,SLC1A1,1,Rpost_18,Kalp hızının pozitif düzenlenmesi
BP,GO:0016188,synaptic vesicle maturation,1/17,26/18986,0.038461538461538464,42.95475113122172,6.408497214982023,0.023036605972479585,0.08044584014883474,0.04567376751094223,ATP6V0A4,1,Rpost_18,
BP,GO:0019377,glycolipid catabolic process,1/17,26/18986,0.038461538461538464,42.95475113122172,6.408497214982023,0.023036605972479585,0.08044584014883474,0.04567376751094223,GBA3,1,Rpost_18,Glikolipit katabolik süreci
BP,GO:1901658,glycosyl compound catabolic process,1/17,26/18986,0.038461538461538464,42.95475113122172,6.408497214982023,0.023036605972479585,0.08044584014883474,0.04567376751094223,GBA3,1,Rpost_18,Glikozil bileşiği katabolik süreci
BP,GO:0035235,ionotropic glutamate receptor signaling pathway,1/17,27/18986,0.037037037037037035,41.363834422657945,6.283102257709536,0.023912575260373492,0.08044584014883474,0.04567376751094223,GRIN1,1,Rpost_18,
BP,GO:0042759,long-chain fatty acid biosynthetic process,1/17,27/18986,0.037037037037037035,41.363834422657945,6.283102257709536,0.023912575260373492,0.08044584014883474,0.04567376751094223,ALOXE3,1,Rpost_18,Uzun zincirli yağ asidi biyosentetik süreci
BP,GO:0043043,peptide biosynthetic process,1/17,27/18986,0.037037037037037035,41.363834422657945,6.283102257709536,0.023912575260373492,0.08044584014883474,0.04567376751094223,SLC1A1,1,Rpost_18,Peptit biyosentetik süreci
BP,GO:0097305,response to alcohol,2/17,275/18986,0.007272727272727273,8.122352941176471,3.5616306627729695,0.02463453997322717,0.08044584014883474,0.04567376751094223,GRIN1/SLC6A3,2,Rpost_18,
BP,GO:0001964,startle response,1/17,28/18986,0.03571428571428571,39.88655462184874,6.1643851477334914,0.02478780529468816,0.08044584014883474,0.04567376751094223,SLC6A3,1,Rpost_18,
BP,GO:0006541,glutamine metabolic process,1/17,28/18986,0.03571428571428571,39.88655462184874,6.1643851477334914,0.02478780529468816,0.08044584014883474,0.04567376751094223,ASL,1,Rpost_18,Glutamin metabolik süreci
BP,GO:0015740,C4-dicarboxylate transport,1/17,28/18986,0.03571428571428571,39.88655462184874,6.1643851477334914,0.02478780529468816,0.08044584014883474,0.04567376751094223,SLC1A1,1,Rpost_18,
BP,GO:0061744,motor behavior,1/17,28/18986,0.03571428571428571,39.88655462184874,6.1643851477334914,0.02478780529468816,0.08044584014883474,0.04567376751094223,SLC1A1,1,Rpost_18,
BP,GO:0099637,neurotransmitter receptor transport,1/17,28/18986,0.03571428571428571,39.88655462184874,6.1643851477334914,0.02478780529468816,0.08044584014883474,0.04567376751094223,SLC1A1,1,Rpost_18,Nörotransmitter reseptör taşınımı
BP,GO:1900543,negative regulation of purine nucleotide metabolic process,1/17,28/18986,0.03571428571428571,39.88655462184874,6.1643851477334914,0.02478780529468816,0.08044584014883474,0.04567376751094223,PFKFB1,1,Rpost_18,Pürin nükleotit metabolik sürecinin negatif düzenlenmesi
BP,GO:0003018,vascular process in circulatory system,2/17,276/18986,0.007246376811594203,8.092924126172207,3.5534524193059562,0.02480138499726425,0.08044584014883474,0.04567376751094223,SLC1A1/SLC44A1,2,Rpost_18,Dolaşım sisteminde vasküler süreç
BP,GO:0006656,phosphatidylcholine biosynthetic process,1/17,29/18986,0.034482758620689655,38.51115618661258,6.051766841424895,0.025662296660338146,0.08044584014883474,0.04567376751094223,SLC44A1,1,Rpost_18,Fosfatidilkolin biyosentetik süreci
BP,GO:0010039,response to iron ion,1/17,29/18986,0.034482758620689655,38.51115618661258,6.051766841424895,0.025662296660338146,0.08044584014883474,0.04567376751094223,SLC6A3,1,Rpost_18,Demir iyonuna yanıt
BP,GO:0045980,negative regulation of nucleotide metabolic process,1/17,29/18986,0.034482758620689655,38.51115618661258,6.051766841424895,0.025662296660338146,0.08044584014883474,0.04567376751094223,PFKFB1,1,Rpost_18,Nükleotit metabolik sürecinin negatif düzenlenmesi
BP,GO:0046337,phosphatidylethanolamine metabolic process,1/17,29/18986,0.034482758620689655,38.51115618661258,6.051766841424895,0.025662296660338146,0.08044584014883474,0.04567376751094223,PLA2G4E,1,Rpost_18,Fosfatidiletanolamin metabolik süreci
BP,GO:0060402,calcium ion transport into cytosol,1/17,29/18986,0.034482758620689655,38.51115618661258,6.051766841424895,0.025662296660338146,0.08044584014883474,0.04567376751094223,GRIN1,1,Rpost_18,Kalsiyum iyonunun sitozole taşınımı
BP,GO:0071577,zinc ion transmembrane transport,1/17,29/18986,0.034482758620689655,38.51115618661258,6.051766841424895,0.025662296660338146,0.08044584014883474,0.04567376751094223,SLC1A1,1,Rpost_18,Çinko iyonu transmembran taşınımı
BP,GO:0007611,learning or memory,2/17,282/18986,0.0070921985815602835,7.920734251147267,3.5052340639415447,0.025812346346968624,0.08044584014883474,0.04567376751094223,GRIN1/SLC1A1,2,Rpost_18,
BP,GO:0001963,"synaptic transmission, dopaminergic",1/17,30/18986,0.03333333333333333,37.227450980392156,5.9447363449444985,0.02653604994180514,0.08169886891173946,0.04638518458727024,SLC6A3,1,Rpost_18,
BP,GO:0007588,excretion,1/17,30/18986,0.03333333333333333,37.227450980392156,5.9447363449444985,0.02653604994180514,0.08169886891173946,0.04638518458727024,ATP6V0A4,1,Rpost_18,Boşaltım
BP,GO:0040018,positive regulation of multicellular organism growth,1/17,31/18986,0.03225806451612903,36.02656546489563,5.8428407603199535,0.02740906572314039,0.08375785245239233,0.04755418891826668,SLC6A3,1,Rpost_18,
BP,GO:0015850,organic hydroxy compound transport,2/17,292/18986,0.00684931506849315,7.649476228847703,3.427956384159157,0.027534569605412437,0.08375785245239233,0.04755418891826668,SLC44A1/SLC6A3,2,Rpost_18,
BP,GO:0006650,glycerophospholipid metabolic process,2/17,294/18986,0.006802721088435374,7.597438975590236,3.412940397794716,0.027884545320925016,0.08431755370851135,0.04787196377151288,PLA2G4E/SLC44A1,2,Rpost_18,Gliserofosfolipit metabolik süreci
BP,GO:0090313,regulation of protein targeting to membrane,1/17,32/18986,0.03125,34.900735294117645,5.745677055539435,0.028281344587962387,0.08501137899813545,0.048265888614772316,SLC1A1,1,Rpost_18,Proteinin membrana hedeflenmesinin düzenlenmesi
BP,GO:0015813,L-glutamate transmembrane transport,1/17,33/18986,0.030303030303030304,33.84313725490196,5.652885216488612,0.029152887119460402,0.08610271312026677,0.04888550226886262,SLC1A1,1,Rpost_18,L-glutamat transmembran taşınımı
BP,GO:0033238,regulation of amine metabolic process,1/17,33/18986,0.030303030303030304,33.84313725490196,5.652885216488612,0.029152887119460402,0.08610271312026677,0.04888550226886262,SLC6A3,1,Rpost_18,Amin metabolik sürecinin düzenlenmesi
BP,GO:0099170,postsynaptic modulation of chemical synaptic transmission,1/17,33/18986,0.030303030303030304,33.84313725490196,5.652885216488612,0.029152887119460402,0.08610271312026677,0.04888550226886262,SLC1A1,1,Rpost_18,Kimyasal sinaptik iletimin postsinaptik modülasyonu
BP,GO:0006536,glutamate metabolic process,1/17,34/18986,0.029411764705882353,32.8477508650519,5.564142514605217,0.030023693900390502,0.08665929830339986,0.0492015079468122,ASL,1,Rpost_18,Glutamat metabolik süreci
BP,GO:0046475,glycerophospholipid catabolic process,1/17,34/18986,0.029411764705882353,32.8477508650519,5.564142514605217,0.030023693900390502,0.08665929830339986,0.0492015079468122,PLA2G4E,1,Rpost_18,Gliserofosfolipit katabolik süreci
BP,GO:0061436,establishment of skin barrier,1/17,34/18986,0.029411764705882353,32.8477508650519,5.564142514605217,0.030023693900390502,0.08665929830339986,0.0492015079468122,ALOXE3,1,Rpost_18,Deri bariyerinin oluşumu
BP,GO:2000463,positive regulation of excitatory postsynaptic potential,1/17,34/18986,0.029411764705882353,32.8477508650519,5.564142514605217,0.030023693900390502,0.08665929830339986,0.0492015079468122,GRIN1,1,Rpost_18,Eksitatör postsinaptik potansiyelin pozitif düzenlenmesi
BP,GO:0098810,neurotransmitter reuptake,1/17,35/18986,0.02857142857142857,31.90924369747899,5.479158681567726,0.030893765513079874,0.08866685243302021,0.050341312819410566,SLC6A3,1,Rpost_18,Nörotransmitter geri alımı
BP,GO:0001975,response to amphetamine,1/17,36/18986,0.027777777777777776,31.022875816993466,5.397671826116951,0.03176310253942549,0.08914727121562513,0.050614074415833585,SLC1A1,1,Rpost_18,
BP,GO:0007035,vacuolar acidification,1/17,36/18986,0.027777777777777776,31.022875816993466,5.397671826116951,0.03176310253942549,0.08914727121562513,0.050614074415833585,ATP6V0A4,1,Rpost_18,Vakuolar asidifikasyon
BP,GO:0051968,"positive regulation of synaptic transmission, glutamatergic",1/17,36/18986,0.027777777777777776,31.022875816993466,5.397671826116951,0.03176310253942549,0.08914727121562513,0.050614074415833585,GRIN1,1,Rpost_18,Glutamaterjik sinaptik iletimin pozitif düzenlenmesi
BP,GO:1903580,positive regulation of ATP metabolic process,1/17,36/18986,0.027777777777777776,31.022875816993466,5.397671826116951,0.03176310253942549,0.08914727121562513,0.050614074415833585,PFKFB1,1,Rpost_18,ATP metabolik sürecinin pozitif düzenlenmesi
BP,GO:0006882,intracellular zinc ion homeostasis,1/17,37/18986,0.02702702702702703,30.184419713831485,5.319444961763749,0.03263170556089412,0.09009188274420768,0.051150385146939294,SLC1A1,1,Rpost_18,Hücre içi çinko iyonu homeostazı
BP,GO:0007212,G protein-coupled dopamine receptor signaling pathway,1/17,37/18986,0.02702702702702703,30.184419713831485,5.319444961763749,0.03263170556089412,0.09009188274420768,0.051150385146939294,SLC1A1,1,Rpost_18,
BP,GO:0070633,transepithelial transport,1/17,37/18986,0.02702702702702703,30.184419713831485,5.319444961763749,0.03263170556089412,0.09009188274420768,0.051150385146939294,SLC1A1,1,Rpost_18,Transpitelyal taşınım
BP,GO:0042401,biogenic amine biosynthetic process,1/17,38/18986,0.02631578947368421,29.390092879256965,5.244263040211783,0.033499575158522865,0.09149346333618072,0.051946143709311075,SLC6A3,1,Rpost_18,Biyojenik amin biyosentetik süreci
BP,GO:0045823,positive regulation of heart contraction,1/17,38/18986,0.02631578947368421,29.390092879256965,5.244263040211783,0.033499575158522865,0.09149346333618072,0.051946143709311075,SLC1A1,1,Rpost_18,Kalp kasılmasının pozitif düzenlenmesi
BP,GO:0009309,amine biosynthetic process,1/17,39/18986,0.02564102564102564,28.636500754147814,5.171930405679582,0.0343667119129194,0.09188573500927924,0.05216885908110758,SLC6A3,1,Rpost_18,Amin biyosentetik süreci
BP,GO:0035633,maintenance of blood-brain barrier,1/17,39/18986,0.02564102564102564,28.636500754147814,5.171930405679582,0.0343667119129194,0.09188573500927924,0.05216885908110758,SLC1A1,1,Rpost_18,Kan-beyin bariyerinin korunması
BP,GO:0071312,cellular response to alkaloid,1/17,39/18986,0.02564102564102564,28.636500754147814,5.171930405679582,0.0343667119129194,0.09188573500927924,0.05216885908110758,SLC1A1,1,Rpost_18,
BP,GO:1903524,positive regulation of blood circulation,1/17,39/18986,0.02564102564102564,28.636500754147814,5.171930405679582,0.0343667119129194,0.09188573500927924,0.05216885908110758,SLC1A1,1,Rpost_18,Kan dolaşımının pozitif düzenlenmesi
BP,GO:0046394,carboxylic acid biosynthetic process,2/17,331/18986,0.006042296072507553,6.74817842544873,3.158305624142778,0.034681651927098135,0.09224229936631337,0.05237130133934908,ALOXE3/ASL,2,Rpost_18,Karboksilik asit biyosentetik süreci
BP,GO:0045981,positive regulation of nucleotide metabolic process,1/17,40/18986,0.025,27.92058823529412,5.102268601308547,0.03523311640426252,0.09232740410912885,0.05241962023601597,PFKFB1,1,Rpost_18,Nükleotit metabolik sürecinin pozitif düzenlenmesi
BP,GO:1900544,positive regulation of purine nucleotide metabolic process,1/17,40/18986,0.025,27.92058823529412,5.102268601308547,0.03523311640426252,0.09232740410912885,0.05241962023601597,PFKFB1,1,Rpost_18,Pürin nükleotit metabolik sürecinin pozitif düzenlenmesi
BP,GO:0016053,organic acid biosynthetic process,2/17,334/18986,0.005988023952095809,6.687566044381825,3.1393846172025404,0.035258890545612195,0.09232740410912885,0.05241962023601597,ALOXE3/ASL,2,Rpost_18,Organik asit biyosentetik süreci
BP,GO:0009394,2'-deoxyribonucleotide metabolic process,1/17,41/18986,0.024390243902439025,27.239598278335723,5.035114471507777,0.03609878921230292,0.09356216795841776,0.053120667261928045,RRM2,1,Rpost_18,2'-deoksiribonükleotit metabolik süreci
BP,GO:1990806,ligand-gated ion channel signaling pathway,1/17,41/18986,0.024390243902439025,27.239598278335723,5.035114471507777,0.03609878921230292,0.09356216795841776,0.053120667261928045,GRIN1,1,Rpost_18,
BP,GO:0009262,deoxyribonucleotide metabolic process,1/17,42/18986,0.023809523809523808,26.591036414565824,4.9703185141724315,0.03696373091636129,0.09373948577770137,0.0532213408684007,RRM2,1,Rpost_18,Deoksiribonükleotit metabolik süreci
BP,GO:0019692,deoxyribose phosphate metabolic process,1/17,42/18986,0.023809523809523808,26.591036414565824,4.9703185141724315,0.03696373091636129,0.09373948577770137,0.0532213408684007,RRM2,1,Rpost_18,Deoksiriboz fosfat metabolik süreci
BP,GO:0021983,pituitary gland development,1/17,42/18986,0.023809523809523808,26.591036414565824,4.9703185141724315,0.03696373091636129,0.09373948577770137,0.0532213408684007,SLC6A3,1,Rpost_18,Hipofiz bezi gelişimi
BP,GO:0045429,positive regulation of nitric oxide biosynthetic process,1/17,42/18986,0.023809523809523808,26.591036414565824,4.9703185141724315,0.03696373091636129,0.09373948577770137,0.0532213408684007,ASL,1,Rpost_18,Nitrik oksit biyosentetik sürecinin pozitif düzenlenmesi
BP,GO:0010038,response to metal ion,2/17,345/18986,0.005797101449275362,6.474339300937766,3.0719503986172474,0.037407878429298505,0.09373948577770137,0.0532213408684007,SLC1A1/SLC6A3,2,Rpost_18,Metal iyonuna yanıt
BP,GO:0001662,behavioral fear response,1/17,43/18986,0.023255813953488372,25.972640218878247,4.907743444792848,0.037827942095332245,0.09373948577770137,0.0532213408684007,SLC1A1,1,Rpost_18,
BP,GO:0007595,lactation,1/17,43/18986,0.023255813953488372,25.972640218878247,4.907743444792848,0.037827942095332245,0.09373948577770137,0.0532213408684007,SLC6A3,1,Rpost_18,Laktasyon
BP,GO:0051938,L-glutamate import,1/17,43/18986,0.023255813953488372,25.972640218878247,4.907743444792848,0.037827942095332245,0.09373948577770137,0.0532213408684007,SLC1A1,1,Rpost_18,L-glutamat alımı
BP,GO:1904407,positive regulation of nitric oxide metabolic process,1/17,43/18986,0.023255813953488372,25.972640218878247,4.907743444792848,0.037827942095332245,0.09373948577770137,0.0532213408684007,ASL,1,Rpost_18,
BP,GO:0002209,behavioral defense response,1/17,44/18986,0.022727272727272728,25.38235294117647,4.847262940982163,0.03869142332768072,0.095413801215834,0.054171946815454876,SLC1A1,1,Rpost_18,
BP,GO:0015872,dopamine transport,1/17,45/18986,0.022222222222222223,24.818300653594775,4.788760541224113,0.03955417519144533,0.09639168412315634,0.05472714763726656,SLC6A3,1,Rpost_18,
BP,GO:1903426,regulation of reactive oxygen species biosynthetic process,1/17,45/18986,0.022222222222222223,24.818300653594775,4.788760541224113,0.03955417519144533,0.09639168412315634,0.05472714763726656,GRIN1,1,Rpost_18,Reaktif oksijen türleri biyosentetik sürecinin düzenlenmesi
BP,GO:0046942,carboxylic acid transport,2/17,357/18986,0.0056022408963585435,6.256714450486077,3.001658399143225,0.03980941376361938,0.09639168412315634,0.05472714763726656,SLC1A1/SLC25A15,2,Rpost_18,Karboksilik asit taşınımı
BP,GO:0015849,organic acid transport,2/17,358/18986,0.00558659217877095,6.239237594479133,2.995946375082914,0.040012193555631674,0.09639168412315634,0.05472714763726656,SLC1A1/SLC25A15,2,Rpost_18,Organik asit taşınımı
BP,GO:0001504,neurotransmitter uptake,1/17,46/18986,0.021739130434782608,24.278772378516624,4.732128675936878,0.04041619826423681,0.09639168412315634,0.05472714763726656,SLC6A3,1,Rpost_18,Nörotransmitter alımı
BP,GO:0030149,sphingolipid catabolic process,1/17,46/18986,0.021739130434782608,24.278772378516624,4.732128675936878,0.04041619826423681,0.09639168412315634,0.05472714763726656,GBA3,1,Rpost_18,Sfingolipit katabolik süreci
BP,GO:0042398,cellular modified amino acid biosynthetic process,1/17,46/18986,0.021739130434782608,24.278772378516624,4.732128675936878,0.04041619826423681,0.09639168412315634,0.05472714763726656,SLC1A1,1,Rpost_18,Hücresel modifiye amino asit biyosentetik süreci
BP,GO:0043010,camera-type eye development,2/17,362/18986,0.0055248618784530384,6.170295742606434,2.973313704059183,0.04082734748438731,0.09691725477602221,0.055025544568234754,SLC1A1/SLC6A3,2,Rpost_18,Kamera tipi göz gelişimi
BP,GO:0046189,phenol-containing compound biosynthetic process,1/17,48/18986,0.020833333333333332,23.267156862745097,4.624085698477185,0.04213806034521006,0.09910247525632736,0.056266220928789266,SLC6A3,1,Rpost_18,
BP,GO:0070266,necroptotic process,1/17,48/18986,0.020833333333333332,23.267156862745097,4.624085698477185,0.04213806034521006,0.09910247525632736,0.056266220928789266,TRPM7,1,Rpost_18,
CC,GO:0043679,axon terminus,3/18,117/19960,0.02564102564102564,28.43304843304843,8.940969648362488,1.5020871375098695e-4,0.006736398910220012,0.0034589981567240114,GRIN1/SLC1A1/SLC6A3,3,Rpost_18,Akson terminali
CC,GO:0044306,neuron projection terminus,3/18,133/19960,0.022556390977443608,25.0125313283208,8.347502299115886,2.1934675095248602e-4,0.006736398910220012,0.0034589981567240114,GRIN1/SLC1A1/SLC6A3,3,Rpost_18,Nöron projeksiyon terminali
CC,GO:0043083,synaptic cleft,2/18,26/19960,0.07692307692307693,85.29914529914531,12.922123996566492,2.4645361866658584e-4,0.006736398910220012,0.0034589981567240114,GRIN1/SLC1A1,2,Rpost_18,Sinaptik aralık
CC,GO:0031901,early endosome membrane,3/18,200/19960,0.015,16.633333333333333,6.675662951063384,7.237200341795853e-4,0.0148362607006815,0.007618105622943003,PLA2G4E/SLC1A1/TPCN1,3,Rpost_18,Erken endozom membranı
CC,GO:0150034,distal axon,3/18,281/19960,0.010676156583629894,11.83867141162515,5.4972942407929875,0.0019259658111005014,0.03158583930204822,0.01621865946189896,GRIN1/SLC1A1/SLC6A3,3,Rpost_18,Distal akson
CC,GO:0055038,recycling endosome membrane,2/18,109/19960,0.01834862385321101,20.34658511722732,6.08481891896805,0.004270110723572684,0.05835817988882668,0.02996568928822936,SLC1A1/TPCN1,2,Rpost_18,Geri dönüşüm endozom membranı
CC,GO:0005769,early endosome,3/18,438/19960,0.00684931506849315,7.595129375951292,4.1929482874048105,0.006701373464716246,0.0628328306637371,0.03226332768356204,PLA2G4E/SLC1A1/TPCN1,3,Rpost_18,Erken endozom
CC,GO:0005765,lysosomal membrane,3/18,447/19960,0.006711409395973154,7.442207307979119,4.138545374563636,0.007087935812554649,0.0628328306637371,0.03226332768356204,ATP6V0A4/PLA2G4E/TPCN1,3,Rpost_18,Lizozomal membran
CC,GO:0098852,lytic vacuole membrane,3/18,447/19960,0.006711409395973154,7.442207307979119,4.138545374563636,0.007087935812554649,0.0628328306637371,0.03226332768356204,ATP6V0A4/PLA2G4E/TPCN1,3,Rpost_18,Litik vakuol membranı
CC,GO:0000220,"vacuolar proton-transporting V-type ATPase, V0 domain",1/18,10/19960,0.1,110.88888888888889,10.442479174480669,0.008983545022636097,0.0628328306637371,0.03226332768356204,ATP6V0A4,1,Rpost_18,"Vakuolar proton taşıyan V-tipi ATPaz, V0 domaini"
CC,GO:0005774,vacuolar membrane,3/18,491/19960,0.006109979633401222,6.775288526816022,3.8928161661805074,0.0091691117972223235,0.0628328306637371,0.03226332768356204,ATP6V0A4/PLA2G4E/TPCN1,3,Rpost_18,Vakuolar membran
CC,GO:1902495,transmembrane transporter complex,3/18,499/19960,0.006012024048096192,6.666666666666667,3.8513824654566475,0.009582257707295927,0.0628328306637371,0.03226332768356204,ATP6V0A4/GRIN1/TPCN1,3,Rpost_18,Transmembran taşıyıcı kompleksi
CC,GO:0033179,"proton-transporting V-type ATPase, V0 domain",1/18,12/19960,0.08333333333333333,92.4074074074074,9.515763069774668,0.01077108342183819,0.0628328306637371,0.03226332768356204,ATP6V0A4,1,Rpost_18,"Proton taşıyan V-tipi ATPaz, V0 domaini"
CC,GO:0043197,dendritic spine,2/18,180/19960,0.011111111111111112,12.320987654320989,4.583832203399811,0.01125385732221462,0.0628328306637371,0.03226332768356204,GRIN1/SLC1A1,2,Rpost_18,Dendritik diken
CC,GO:0044309,neuron spine,2/18,182/19960,0.01098901098901099,12.185592185592187,4.554332925975741,0.01149381048726898,0.0628328306637371,0.03226332768356204,GRIN1/SLC1A1,2,Rpost_18,Nöron dikeni
CC,GO:0098691,dopaminergic synapse,1/18,15/19960,0.06666666666666667,73.92592592592592,8.48851747110223,0.013446682349880001,0.06891424704313501,0.03538600618389474,SLC6A3,1,Rpost_18,
CC,GO:0055037,recycling endosome,2/18,210/19960,0.009523809523809525,10.560846560846562,4.1845015344338625,0.015087511441109851,0.06936569651246688,0.035617815924244865,SLC1A1/TPCN1,2,Rpost_18,Geri dönüşüm endozomu
CC,GO:0097440,apical dendrite,1/18,17/19960,0.058823529411764705,65.22875816993464,7.9593944327941335,0.015226616307614682,0.06936569651246688,0.035617815924244865,SLC1A1,1,Rpost_18,Apikal dendrit
CC,GO:0005741,mitochondrial outer membrane,2/18,223/19960,0.008968609865470852,9.9451918285999,4.035736521952155,0.01690097090075703,0.07294103230853034,0.03745367512633136,CYB5A/SLC44A1,2,Rpost_18,Mitokondriyal dış membran
CC,GO:0008021,synaptic vesicle,2/18,233/19960,0.008583690987124463,9.518359561278016,3.9293859836456293,0.018356601538206622,0.07332123464485411,0.03764890097296745,ATP6V0A4/GRIN1,2,Rpost_18,Sinaptik vezikül
CC,GO:0033177,"proton-transporting two-sector ATPase complex, proton-transporting domain",1/18,21/19960,0.047619047619047616,52.8042328042328,7.135829961376739,0.018777389360267516,0.07332123464485411,0.03764890097296745,ATP6V0A4,1,Rpost_18,
CC,GO:0031968,organelle outer membrane,2/18,252/19960,0.007936507936507936,8.800705467372133,3.743985514146549,0.02126397319435393,0.07373374611352475,0.03786071687472387,CYB5A/SLC44A1,2,Rpost_18,Organel dış membranı
CC,GO:0070382,exocytic vesicle,2/18,253/19960,0.007905138339920948,8.765920070267896,3.734772946722306,0.02142204170057321,0.07373374611352475,0.03786071687472387,ATP6V0A4/GRIN1,2,Rpost_18,Ekzositik vezikül
CC,GO:0019867,outer membrane,2/18,254/19960,0.007874015748031496,8.731408573928258,3.725611190094596,0.02158060861859261,0.07373374611352475,0.03786071687472387,CYB5A/SLC44A1,2,Rpost_18,Dış membran
CC,GO:0016471,vacuolar proton-transporting V-type ATPase complex,1/18,26/19960,0.038461538461538464,42.649572649572654,6.38441754387798,0.023198852917487356,0.07581101703204304,0.03892735149270502,ATP6V0A4,1,Rpost_18,Vakuolar proton taşıyan V-tipi ATPaz kompleksi
CC,GO:0033176,proton-transporting V-type ATPase complex,1/18,28/19960,0.03571428571428571,39.6031746031746,6.141124234871421,0.024962164144697097,0.07581101703204304,0.03892735149270502,ATP6V0A4,1,Rpost_18,Proton taşıyan V-tipi ATPaz kompleksi
CC,GO:0036019,endolysosome,1/18,28/19960,0.03571428571428571,39.6031746031746,6.141124234871421,0.024962164144697097,0.07581101703204304,0.03892735149270502,TPCN1,1,Rpost_18,Endolizozom
CC,GO:0032809,neuronal cell body membrane,1/18,30/19960,0.03333333333333333,36.96296296296296,5.922208992808551,0.026722468798838883,0.07765479092710001,0.039874090334839546,SLC6A3,1,Rpost_18,Nöronal hücre gövdesi membranı
CC,GO:0045121,membrane raft,2/18,293/19960,0.006825938566552901,7.569207432688661,3.403290430401357,0.028143781566687804,0.07765479092710001,0.039874090334839546,SLC1A1/SLC6A3,2,Rpost_18,Membran raftı
CC,GO:0098857,membrane microdomain,2/18,295/19960,0.006779661016949152,7.51789077212806,3.388382238100559,0.028499764092363288,0.07765479092710001,0.039874090334839546,SLC1A1/SLC6A3,2,Rpost_18,Membran mikrodomaini
CC,GO:0044298,cell body membrane,1/18,33/19960,0.030303030303030304,33.602693602693606,5.63132740268253,0.029357299009025617,0.07765479092710001,0.039874090334839546,SLC6A3,1,Rpost_18,Hücre gövdesi membranı
CC,GO:0045211,postsynaptic membrane,2/18,321/19960,0.006230529595015576,6.908965039806161,3.206457864538431,0.033292701031158736,0.0851643030871858,0.04373006577005689,GRIN1/SLC6A3,2,Rpost_18,Postsinaptik membran
CC,GO:0008328,ionotropic glutamate receptor complex,1/18,40/19960,0.025,27.72222222222222,5.0825210448240945,0.03547906210699825,0.0851643030871858,0.04373006577005689,GRIN1,1,Rpost_18,İyonotropik glutamat reseptör kompleksi
CC,GO:0097386,glial cell projection,1/18,40/19960,0.025,27.72222222222222,5.0825210448240945,0.03547906210699825,0.0851643030871858,0.04373006577005689,SLC1A1,1,Rpost_18,
CC,GO:0043198,dendritic shaft,1/18,41/19960,0.024390243902439025,27.04607046070461,5.01558574428942,0.03635061717135979,0.0851643030871858,0.04373006577005689,SLC1A1,1,Rpost_18,Dendritik gövde
CC,GO:0098878,neurotransmitter receptor complex,1/18,45/19960,0.022222222222222223,24.641975308641978,4.770030397294187,0.039829405058390055,0.08835449431953418,0.0453681613964232,GRIN1,1,Rpost_18,
CC,GO:0043195,terminal bouton,1/18,46/19960,0.021739130434782608,24.106280193236714,4.713581119043675,0.04069724692175658,0.08835449431953418,0.0453681613964232,GRIN1,1,Rpost_18,Terminal buton
CC,GO:0034702,monoatomic ion channel complex,2/18,365/19960,0.005479452054794521,6.076103500761035,2.9405295812269068,0.042071132875538306,0.08835449431953418,0.0453681613964232,GRIN1/TPCN1,2,Rpost_18,
CC,GO:0090533,cation-transporting ATPase complex,1/18,48/19960,0.020833333333333332,23.10185185185185,4.6058853797576935,0.04243070869002763,0.08835449431953418,0.0453681613964232,ATP6V0A4,1,Rpost_18,Katyon taşıyan ATPaz kompleksi
CC,GO:0016469,proton-transporting two-sector ATPase complex,1/18,50/19960,0.02,22.177777777777777,4.504546191263562,0.04416121181324384,0.08835449431953418,0.0453681613964232,ATP6V0A4,1,Rpost_18,Proton taşıyan iki sektörlü ATPaz kompleksi
CC,GO:0032279,asymmetric synapse,2/18,375/19960,0.005333333333333333,5.914074074074074,2.8861362544994082,0.04417724715976709,0.08835449431953418,0.0453681613964232,GRIN1/SLC1A1,2,Rpost_18,
CC,GO:0098533,ATPase dependent transmembrane transport complex,1/18,54/19960,0.018518518518518517,20.53497942386831,4.3185616505273146,0.04761336113015269,0.09295941934934572,0.047732692862308454,ATP6V0A4,1,Rpost_18,
CC,GO:0016324,apical plasma membrane,2/18,408/19960,0.004901960784313725,5.435729847494553,2.7196991220200184,0.05140263973001759,0.09615778082091359,0.049374983733460116,ATP6V0A4/SLC1A1,2,Rpost_18,Apikal plazma membranı
CC,GO:0098984,neuron to neuron synapse,2/18,412/19960,0.0048543689320388345,5.382955771305285,2.7007589047800287,0.05230624483940427,0.09615778082091359,0.049374983733460116,GRIN1/SLC1A1,2,Rpost_18,
CC,GO:0031526,brush border membrane,1/18,60/19960,0.016666666666666666,18.48148148148148,4.074258751990307,0.05276951386513551,0.09615778082091359,0.049374983733460116,ATP6V0A4,1,Rpost_18,Fırçamsı kenar membranı
MF,GO:0015101,organic cation transmembrane transporter activity,4/18,82/18737,0.04878048780487805,50.77777777777778,14.008065807859818,9.94951704067533e-7,1.4725285220199488e-4,5.23658791614491e-5,SLC1A1/SLC25A15/SLC44A1/SLC6A3,4,Rpost_18,Organik katyon transmembran taşıyıcı aktivitesi
MF,GO:0022804,active transmembrane transporter activity,6/18,458/18737,0.013100436681222707,13.63682678311499,8.490395565136872,2.985712406101594e-6,2.2094271805151794e-4,7.857137910793667e-5,ATP6V0A4/CYB5A/SLC1A1/SLC25A15/SLC44A1/SLC6A3,6,Rpost_18,Aktif transmembran taşıyıcı aktivitesi
MF,GO:0015081,sodium ion transmembrane transporter activity,4/18,162/18737,0.024691358024691357,25.70233196159122,9.791842493003731,1.499058182710853e-5,7.395353701373542e-4,2.62992663633483e-4,GRIN1/SLC1A1/SLC6A3/TPCN1,4,Rpost_18,Sodyum iyonu transmembran taşıyıcı aktivitesi
MF,GO:0046873,metal ion transmembrane transporter activity,5/18,444/18737,0.01126126126126126,11.722347347347347,7.090424861722872,4.849726455458015e-5,0.0017943987885194654,6.381219020339492e-4,GRIN1/SLC1A1/SLC6A3/TPCN1/TRPM7,5,Rpost_18,Metal iyonu transmembran taşıyıcı aktivitesi
MF,GO:0015171,amino acid transmembrane transporter activity,3/18,99/18737,0.030303030303030304,31.54377104377104,9.448741517331147,1.1021622293919803e-4,0.00261068357976693,9.284081009128485e-4,GRIN1/SLC1A1/SLC25A15,3,Rpost_18,Amino asit transmembran taşıyıcı aktivitesi
MF,GO:0015280,ligand-gated sodium channel activity,2/18,18/18737,0.1111111111111111,115.66049382716048,15.091837056556471,1.3215375714661584e-4,0.00261068357976693,9.284081009128485e-4,GRIN1/TPCN1,2,Rpost_18,
MF,GO:0022853,active monoatomic ion transmembrane transporter activity,4/18,287/18737,0.013937282229965157,14.50793650793651,7.150973078160551,1.3924175182656042e-4,0.00261068357976693,9.284081009128485e-4,ATP6V0A4/CYB5A/SLC1A1/SLC6A3,4,Rpost_18,
MF,GO:0015291,secondary active transmembrane transporter activity,4/18,288/18737,0.013888888888888888,14.45756172839506,7.136899452316875,1.41118031338753e-4,0.00261068357976693,9.284081009128485e-4,SLC1A1/SLC25A15/SLC44A1/SLC6A3,4,Rpost_18,Sekonder aktif transmembran taşıyıcı aktivitesi
MF,GO:0005262,calcium channel activity,3/18,131/18737,0.022900763358778626,23.838422391857506,8.13408318813931,2.523869341340995e-4,0.004150362916871858,0.0014759469832403478,GRIN1/TPCN1/TRPM7,3,Rpost_18,Kalsiyum kanalı aktivitesi
MF,GO:0080025,"phosphatidylinositol-3,5-bisphosphate binding",2/18,28/18737,0.07142857142857142,74.35317460317461,12.044978013119636,3.246445670732034e-4,0.004602478948622927,0.001636727933365194,PLA2G4E/TPCN1,2,Rpost_18,
MF,GO:0015085,calcium ion transmembrane transporter activity,3/18,148/18737,0.02027027027027027,21.100225225225227,7.612672330649927,3.6120880061196937e-4,0.004602478948622927,0.001636727933365194,GRIN1/TPCN1/TRPM7,3,Rpost_18,Kalsiyum iyonu transmembran taşıyıcı aktivitesi
MF,GO:0099604,ligand-gated calcium channel activity,2/18,30/18737,0.06666666666666667,69.39629629629628,11.62584446598408,3.731739688072643e-4,0.004602478948622927,0.001636727933365194,GRIN1/TPCN1,2,Rpost_18,Ligand-kapılı kalsiyum kanalı aktivitesi
MF,GO:0046943,carboxylic acid transmembrane transporter activity,3/18,185/18737,0.016216216216216217,16.88018018018018,6.730995363168109,6.928061779849814e-4,0.0069435745708453095,0.0024692654946107074,GRIN1/SLC1A1/SLC25A15,3,Rpost_18,Karboksilik asit transmembran taşıyıcı aktivitesi
MF,GO:0005216,monoatomic ion channel activity,4/18,439/18737,0.009111617312072893,9.484687420906099,5.578271720286669,7.006836623772297e-4,0.0069435745708453095,0.0024692654946107074,GRIN1/SLC1A1/TPCN1/TRPM7,4,Rpost_18,Monoatomik iyon kanalı aktivitesi
MF,GO:0005342,organic acid transmembrane transporter activity,3/18,186/18737,0.016129032258064516,16.78942652329749,6.710772794921212,7.037406659640516e-4,0.0069435745708453095,0.0024692654946107074,GRIN1/SLC1A1/SLC25A15,3,Rpost_18,Organik asit transmembran taşıyıcı aktivitesi
MF,GO:0005272,sodium channel activity,2/18,48/18737,0.041666666666666664,43.37268518518518,9.11479577492088,9.578208879875906e-4,0.008859843213885214,0.003150726605222338,GRIN1/TPCN1,2,Rpost_18,Sodyum kanalı aktivitesi
MF,GO:0016597,amino acid binding,2/18,51/18737,0.0392156862745098,40.82135076252723,8.830316550645167,0.0010807978971220636,0.009409299339650906,0.003346123520501745,GRIN1/SLC1A1,2,Rpost_18,Amino asit bağlanması
MF,GO:1901618,organic hydroxy compound transmembrane transporter activity,2/18,57/18737,0.03508771929824561,36.52436647173489,8.329303802109216,0.0013482971352260064,0.011085998667413829,0.003942389284286568,SLC44A1/SLC6A3,2,Rpost_18,Organik hidroksi bileşiği transmembran taşıyıcı aktivitesi
MF,GO:0015179,L-amino acid transmembrane transporter activity,2/18,66/18737,0.030303030303030304,31.54377104377104,7.708044320758287,0.0018028441572497504,0.014043207119629635,0.004994028136425902,SLC1A1/SLC25A15,2,Rpost_18,L-amino asit transmembran taşıyıcı aktivitesi
MF,GO:0008514,organic anion transmembrane transporter activity,3/18,268/18737,0.011194029850746268,11.6523631840796,5.446594467651294,0.002013904322775471,0.014902891988538485,0.005299748217830186,GRIN1/SLC1A1/SLC25A15,3,Rpost_18,
MF,GO:0015370,solute:sodium symporter activity,2/18,79/18737,0.02531645569620253,26.353023909985936,7.002355194000242,0.0025704811140560245,0.018115771660966267,0.0064423085565313894,SLC1A1/SLC6A3,2,Rpost_18,Çözünen:sodyum simporter aktivitesi
MF,GO:0005261,monoatomic cation channel activity,3/18,333/18737,0.009009009009009009,9.377877877877877,4.783363653426327,0.003723564888605191,0.025049436523344015,0.008908049972739692,GRIN1/TPCN1/TRPM7,3,Rpost_18,Monoatomik katyon kanalı aktivitesi
MF,GO:1902936,phosphatidylinositol bisphosphate binding,2/18,108/18737,0.018518518518518517,19.276748971193413,5.906761323939706,0.0047418574292908255,0.030512821718914878,0.010850932332473284,PLA2G4E/TPCN1,2,Rpost_18,Fosfatidilinositol bisfosfat bağlanması
MF,GO:0015294,solute:monoatomic cation symporter activity,2/18,116/18737,0.017241379310344827,17.947318007662837,5.677561440257758,0.005449103994045195,0.033602807963278705,0.011949789460625427,SLC1A1/SLC6A3,2,Rpost_18,Çözünen:monoatomik katyon simporter aktivitesi
MF,GO:0015108,chloride transmembrane transporter activity,2/18,120/18737,0.016666666666666666,17.34907407407407,5.571373888579242,0.005819850457862789,0.03445351471054771,0.012252316753395347,SLC1A1/SLC6A3,2,Rpost_18,Klorür transmembran taşıyıcı aktivitesi
MF,GO:0015297,antiporter activity,2/18,136/18737,0.014705882352941176,15.308006535947714,5.192946005148873,0.007415066043415038,0.0380883468681961,0.01354493131870416,SLC25A15/SLC44A1,2,Rpost_18,
MF,GO:0099094,ligand-gated monoatomic cation channel activity,2/18,136/18737,0.014705882352941176,15.308006535947714,5.192946005148873,0.007415066043415038,0.0380883468681961,0.01354493131870416,GRIN1/TPCN1,2,Rpost_18,Ligand-kapılı monoatomik katyon kanalı aktivitesi
MF,GO:0015293,symporter activity,2/18,147/18737,0.013605442176870748,14.162509448223734,4.968108108036849,0.008613985735600847,0.0380883468681961,0.01354493131870416,SLC1A1/SLC6A3,2,Rpost_18,Simporter aktivitesi
MF,GO:0008509,monoatomic anion transmembrane transporter activity,2/18,148/18737,0.013513513513513514,14.066816816816818,4.948869662724783,0.008727037474436327,0.0380883468681961,0.01354493131870416,SLC1A1/SLC6A3,2,Rpost_18,Monoatomik anyon transmembran taşıyıcı aktivitesi
MF,GO:0005506,iron ion binding,2/18,153/18737,0.013071895424836602,13.607116920842412,4.855402827222941,0.009302337672837236,0.0380883468681961,0.01354493131870416,ALOXE3/RRM2,2,Rpost_18,Demir iyonu bağlanması
MF,GO:0022849,glutamate-gated calcium ion channel activity,1/18,10/18737,0.1,104.09444444444445,10.111940992936637,0.009567525358960438,0.0380883468681961,0.01354493131870416,GRIN1,1,Rpost_18,
MF,GO:0050308,sugar-phosphatase activity,1/18,10/18737,0.1,104.09444444444445,10.111940992936637,0.009567525358960438,0.0380883468681961,0.01354493131870416,PFKFB1,1,Rpost_18,Şeker-fosfataz aktivitesi
MF,GO:0000099,sulfur amino acid transmembrane transporter activity,1/18,11/18737,0.09090909090909091,94.63131313131314,9.632262654616154,0.010519508300357083,0.0380883468681961,0.01354493131870416,SLC1A1,1,Rpost_18,Kükürtlü amino asit transmembran taşıyıcı aktivitesi
MF,GO:0008199,ferric iron binding,1/18,11/18737,0.09090909090909091,94.63131313131314,9.632262654616154,0.010519508300357083,0.0380883468681961,0.01354493131870416,RRM2,1,Rpost_18,Ferrik demir bağlanması
MF,GO:0016594,glycine binding,1/18,11/18737,0.09090909090909091,94.63131313131314,9.632262654616154,0.010519508300357083,0.0380883468681961,0.01354493131870416,GRIN1,1,Rpost_18,Glisin bağlanması
MF,GO:0016725,"oxidoreductase activity, acting on CH or CH2 groups",1/18,11/18737,0.09090909090909091,94.63131313131314,9.632262654616154,0.010519508300357083,0.0380883468681961,0.01354493131870416,RRM2,1,Rpost_18,Oksidoredüktaz aktivitesi (CH/CH2 grupları)
MF,GO:0019203,carbohydrate phosphatase activity,1/18,11/18737,0.09090909090909091,94.63131313131314,9.632262654616154,0.010519508300357083,0.0380883468681961,0.01354493131870416,PFKFB1,1,Rpost_18,Karbonhidrat fosfataz aktivitesi
MF,GO:0015103,inorganic anion transmembrane transporter activity,2/18,166/18737,0.012048192771084338,12.541499330655958,4.631610171464688,0.010875525587942999,0.0380883468681961,0.01354493131870416,SLC1A1/SLC6A3,2,Rpost_18,İnorganik anyon transmembran taşıyıcı aktivitesi
MF,GO:0015399,primary active transmembrane transporter activity,2/18,166/18737,0.012048192771084338,12.541499330655958,4.631610171464688,0.010875525587942999,0.0380883468681961,0.01354493131870416,ATP6V0A4/CYB5A,2,Rpost_18,Primer aktif transmembran taşıyıcı aktivitesi
MF,GO:0022832,voltage-gated channel activity,2/18,166/18737,0.012048192771084338,12.541499330655958,4.631610171464688,0.010875525587942999,0.0380883468681961,0.01354493131870416,GRIN1/TPCN1,2,Rpost_18,Voltaj-kapılı kanal aktivitesi
MF,GO:0008504,monoamine transmembrane transporter activity,1/18,12/18737,0.08333333333333333,86.74537037037037,9.213481320691715,0.011470627004330214,0.0380883468681961,0.01354493131870416,SLC6A3,1,Rpost_18,Monoamin transmembran taşıyıcı aktivitesi
MF,GO:0016840,carbon-nitrogen lyase activity,1/18,12/18737,0.08333333333333333,86.74537037037037,9.213481320691715,0.011470627004330214,0.0380883468681961,0.01354493131870416,ASL,1,Rpost_18,Karbon-azot liyaz aktivitesi
MF,GO:0061459,L-arginine transmembrane transporter activity,1/18,13/18737,0.07692307692307693,80.07264957264958,8.843659655961172,0.012420882209345785,0.0380883468681961,0.01354493131870416,SLC25A15,1,Rpost_18,L-arjinin transmembran taşıyıcı aktivitesi
MF,GO:1901338,catecholamine binding,1/18,13/18737,0.07692307692307693,80.07264957264958,8.843659655961172,0.012420882209345785,0.0380883468681961,0.01354493131870416,SLC6A3,1,Rpost_18,
MF,GO:1901981,phosphatidylinositol phosphate binding,2/18,181/18737,0.011049723756906077,11.502148557397176,4.402593946036993,0.012826852158350588,0.0380883468681961,0.01354493131870416,PLA2G4E/TPCN1,2,Rpost_18,Fosfatidilinositol fosfat bağlanması
MF,GO:0015276,ligand-gated monoatomic ion channel activity,2/18,184/18737,0.010869565217391304,11.31461352657005,4.360016860541224,0.013234279705264038,0.0380883468681961,0.01354493131870416,GRIN1/TPCN1,2,Rpost_18,Ligand-kapılı monoatomik iyon kanalı aktivitesi
MF,GO:0004065,arylsulfatase activity,1/18,14/18737,0.07142857142857142,74.35317460317461,8.513900739480166,0.013370274653280778,0.0380883468681961,0.01354493131870416,ARSD,1,Rpost_18,Arilsülfataz aktivitesi
MF,GO:0005313,L-glutamate transmembrane transporter activity,1/18,14/18737,0.07142857142857142,74.35317460317461,8.513900739480166,0.013370274653280778,0.0380883468681961,0.01354493131870416,SLC1A1,1,Rpost_18,L-glutamat transmembran taşıyıcı aktivitesi
MF,GO:0015078,proton transmembrane transporter activity,2/18,185/18737,0.010810810810810811,11.253453453453453,4.346043109623719,0.0133713449897152,0.0380883468681961,0.01354493131870416,ATP6V0A4/CYB5A,2,Rpost_18,Proton transmembran taşıyıcı aktivitesi
MF,GO:0022834,ligand-gated channel activity,2/18,186/18737,0.010752688172043012,11.192951015531662,4.332176236677474,0.013509036341060305,0.0380883468681961,0.01354493131870416,GRIN1/TPCN1,2,Rpost_18,Ligand-kapılı kanal aktivitesi
MF,GO:0031406,carboxylic acid binding,2/18,187/18737,0.0106951871657754,11.133095662507426,4.318414825979025,0.013647352571022649,0.0380883468681961,0.01354493131870416,GRIN1/SLC1A1,2,Rpost_18,Karboksilik asit bağlanması
MF,GO:0004129,cytochrome-c oxidase activity,1/18,15/18737,0.06666666666666667,69.39629629629628,8.217419595793645,0.014318805073418539,0.0380883468681961,0.01354493131870416,CYB5A,1,Rpost_18,Sitokrom-c oksidaz aktivitesi
MF,GO:0015556,C4-dicarboxylate transmembrane transporter activity,1/18,15/18737,0.06666666666666667,69.39629629629628,8.217419595793645,0.014318805073418539,0.0380883468681961,0.01354493131870416,SLC1A1,1,Rpost_18,
MF,GO:0015926,glucosidase activity,1/18,15/18737,0.06666666666666667,69.39629629629628,8.217419595793645,0.014318805073418539,0.0380883468681961,0.01354493131870416,GBA3,1,Rpost_18,Glukozidaz aktivitesi
MF,GO:0043176,amine binding,1/18,15/18737,0.06666666666666667,69.39629629629628,8.217419595793645,0.014318805073418539,0.0380883468681961,0.01354493131870416,SLC6A3,1,Rpost_18,Amin bağlanması
MF,GO:0004970,glutamate-gated receptor activity,1/18,16/18737,0.0625,65.05902777777777,7.948939326410946,0.015266474206453107,0.0380883468681961,0.01354493131870416,GRIN1,1,Rpost_18,
MF,GO:0015378,sodium:chloride symporter activity,1/18,16/18737,0.0625,65.05902777777777,7.948939326410946,0.015266474206453107,0.0380883468681961,0.01354493131870416,SLC6A3,1,Rpost_18,Sodyum:klorür simporter aktivitesi
MF,GO:0016675,"oxidoreductase activity, acting on a heme group of donors",1/18,16/18737,0.0625,65.05902777777777,7.948939326410946,0.015266474206453107,0.0380883468681961,0.01354493131870416,CYB5A,1,Rpost_18,
MF,GO:0043177,organic acid binding,2/18,199/18737,0.010050251256281407,10.46175321049693,4.161022697515571,0.015355457352593098,0.0380883468681961,0.01354493131870416,GRIN1/SLC1A1,2,Rpost_18,Organik asit bağlanması
MF,GO:0016829,lyase activity,2/18,201/18737,0.009950248756218905,10.357656163626313,4.136094674107831,0.015648730135498126,0.0380883468681961,0.01354493131870416,ALOXE3/ASL,2,Rpost_18,Liyaz aktivitesi
MF,GO:0008484,sulfuric ester hydrolase activity,1/18,17/18737,0.058823529411764705,61.232026143790854,7.704285716472987,0.01621328278848888,0.0380883468681961,0.01354493131870416,ARSD,1,Rpost_18,Sülfürik ester hidrolaz aktivitesi
MF,GO:0015278,intracellularly gated calcium channel activity,1/18,17/18737,0.058823529411764705,61.232026143790854,7.704285716472987,0.01621328278848888,0.0380883468681961,0.01354493131870416,TPCN1,1,Rpost_18,
MF,GO:0047498,calcium-dependent phospholipase A2 activity,1/18,17/18737,0.058823529411764705,61.232026143790854,7.704285716472987,0.01621328278848888,0.0380883468681961,0.01354493131870416,PLA2G4E,1,Rpost_18,Kalsiyum-bağımlı fosfolipaz A2 aktivitesi
MF,GO:0008970,phospholipase A1 activity,1/18,18/18737,0.05555555555555555,57.83024691358024,7.480107556456912,0.0171592315550384,0.03847827682038914,0.013683597731290591,PLA2G4E,1,Rpost_18,Fosfolipaz A1 aktivitesi
MF,GO:0015172,acidic amino acid transmembrane transporter activity,1/18,18/18737,0.05555555555555555,57.83024691358024,7.480107556456912,0.0171592315550384,0.03847827682038914,0.013683597731290591,SLC1A1,1,Rpost_18,Asidik amino asit transmembran taşıyıcı aktivitesi
MF,GO:0015373,monoatomic anion:sodium symporter activity,1/18,18/18737,0.05555555555555555,57.83024691358024,7.480107556456912,0.0171592315550384,0.03847827682038914,0.013683597731290591,SLC6A3,1,Rpost_18,Monoatomik anyon:sodyum simporter aktivitesi
MF,GO:0005326,neurotransmitter transmembrane transporter activity,1/18,20/18737,0.05,52.047222222222224,7.082757318106715,0.01904855258078786,0.0408577649558928,0.014529788391142532,SLC6A3,1,Rpost_18,
MF,GO:0015095,magnesium ion transmembrane transporter activity,1/18,20/18737,0.05,52.047222222222224,7.082757318106715,0.01904855258078786,0.0408577649558928,0.014529788391142532,TRPM7,1,Rpost_18,
MF,GO:0015174,basic amino acid transmembrane transporter activity,1/18,20/18737,0.05,52.047222222222224,7.082757318106715,0.01904855258078786,0.0408577649558928,0.014529788391142532,SLC25A15,1,Rpost_18,Bazik amino asit transmembran taşıyıcı aktivitesi
MF,GO:0005248,voltage-gated sodium channel activity,1/18,21/18737,0.047619047619047616,49.56878306878306,6.905477592652841,0.019991926308070673,0.041094515188811936,0.014613981219349906,TPCN1,1,Rpost_18,Voltaj-kapılı sodyum kanalı aktivitesi
MF,GO:0010314,phosphatidylinositol-5-phosphate binding,1/18,21/18737,0.047619047619047616,49.56878306878306,6.905477592652841,0.019991926308070673,0.041094515188811936,0.014613981219349906,PLA2G4E,1,Rpost_18,
MF,GO:0019200,carbohydrate kinase activity,1/18,21/18737,0.047619047619047616,49.56878306878306,6.905477592652841,0.019991926308070673,0.041094515188811936,0.014613981219349906,PFKFB1,1,Rpost_18,Karbonhidrat kinaz aktivitesi
MF,GO:0015377,chloride:monoatomic cation symporter activity,1/18,22/18737,0.045454545454545456,47.31565656565657,6.740275046466101,0.02093444315603188,0.04244243269990025,0.0150933259956971,SLC6A3,1,Rpost_18,Klorür:monoatomik katyon simporter aktivitesi
MF,GO:0005283,amino acid:sodium symporter activity,1/18,23/18737,0.043478260869565216,45.2584541062802,6.585825437179363,0.021876103857244922,0.043293622477774456,0.015396025063219933,SLC1A1,1,Rpost_18,Amino asit:sodyum simporter aktivitesi
MF,GO:0016702,"oxidoreductase activity, acting on single donors with incorporation of molecular oxygen, incorporation of two atoms of oxygen",1/18,24/18737,0.041666666666666664,43.37268518518518,6.440999533972529,0.022816909143691944,0.043293622477774456,0.015396025063219933,ALOXE3,1,Rpost_18,"Oksidoredüktaz aktivitesi (tek donör, iki oksijen atomu katılımı ile)"
MF,GO:0042625,ATPase-coupled ion transmembrane transporter activity,1/18,24/18737,0.041666666666666664,43.37268518518518,6.440999533972529,0.022816909143691944,0.043293622477774456,0.015396025063219933,ATP6V0A4,1,Rpost_18,ATPaz-bağlantılı iyon transmembran taşıyıcı aktivitesi
MF,GO:0044769,"ATPase activity, coupled to transmembrane movement of ions, rotational mechanism",1/18,24/18737,0.041666666666666664,43.37268518518518,6.440999533972529,0.022816909143691944,0.043293622477774456,0.015396025063219933,ATP6V0A4,1,Rpost_18,
MF,GO:0046961,"proton-transporting ATPase activity, rotational mechanism",1/18,24/18737,0.041666666666666664,43.37268518518518,6.440999533972529,0.022816909143691944,0.043293622477774456,0.015396025063219933,ATP6V0A4,1,Rpost_18,"Proton taşıyan ATPaz aktivitesi, rotasyonel mekanizma"
MF,GO:0015296,monoatomic anion:monoatomic cation symporter activity,1/18,25/18737,0.04,41.63777777777778,6.3048276675483645,0.02375685974677022,0.04395019053152491,0.015629512991296196,SLC6A3,1,Rpost_18,Monoatomik anyon:monoatomik katyon simporter aktivitesi
MF,GO:0016701,"oxidoreductase activity, acting on single donors with incorporation of molecular oxygen",1/18,25/18737,0.04,41.63777777777778,6.3048276675483645,0.02375685974677022,0.04395019053152491,0.015629512991296196,ALOXE3,1,Rpost_18,"Oksidoredüktaz aktivitesi (tek donör, moleküler oksijen katılımı ile)"
MF,GO:0008066,glutamate receptor activity,1/18,26/18737,0.038461538461538464,40.03632478632479,6.176471852542942,0.024695956397292385,0.045123475886410774,0.016046755293887188,GRIN1,1,Rpost_18,
MF,GO:0016866,intramolecular transferase activity,1/18,28/18737,0.03571428571428571,37.176587301587304,5.940386370387079,0.026571590760978148,0.04795848088566788,0.017054936303580324,ALOXE3,1,Rpost_18,
MF,GO:0005416,amino acid:monoatomic cation symporter activity,1/18,29/18737,0.034482758620689655,35.89463601532567,5.831460794651567,0.02750812993283669,0.04831156747825006,0.01718050052569348,SLC1A1,1,Rpost_18,Amino asit:monoatomik katyon simporter aktivitesi
MF,GO:0043325,"phosphatidylinositol-3,4-bisphosphate binding",1/18,29/18737,0.034482758620689655,35.89463601532567,5.831460794651567,0.02750812993283669,0.04831156747825006,0.01718050052569348,PLA2G4E,1,Rpost_18,
MF,GO:0005217,intracellularly ligand-gated monoatomic ion channel activity,1/18,30/18737,0.03333333333333333,34.69814814814814,5.727933387867881,0.028443818069527116,0.04831156747825006,0.01718050052569348,TPCN1,1,Rpost_18,
MF,GO:0033764,"steroid dehydrogenase activity, acting on the CH-OH group of donors, NAD or NADP as acceptor",1/18,30/18737,0.03333333333333333,34.69814814814814,5.727933387867881,0.028443818069527116,0.04831156747825006,0.01718050052569348,HSD11B1,1,Rpost_18,"Steroid dehidrogenaz aktivitesi (CH-OH grubu, NAD/NADP alıcı)"
MF,GO:0051721,protein phosphatase 2A binding,1/18,30/18737,0.03333333333333333,34.69814814814814,5.727933387867881,0.028443818069527116,0.04831156747825006,0.01718050052569348,SLC6A3,1,Rpost_18,Protein fosfataz 2A bağlanması
MF,GO:0035091,phosphatidylinositol binding,2/18,280/18737,0.007142857142857143,7.43531746031746,3.3643549173585616,0.029082473053913076,0.04831156747825006,0.01718050052569348,PLA2G4E/TPCN1,2,Rpost_18,Fosfatidilinositol bağlanması
MF,GO:0005310,dicarboxylic acid transmembrane transporter activity,1/18,31/18737,0.03225806451612903,33.57885304659498,5.629366727596579,0.029378655898935846,0.04831156747825006,0.01718050052569348,SLC1A1,1,Rpost_18,Dikarboksilik asit transmembran taşıyıcı aktivitesi
MF,GO:0070273,phosphatidylinositol-4-phosphate binding,1/18,31/18737,0.03225806451612903,33.57885304659498,5.629366727596579,0.029378655898935846,0.04831156747825006,0.01718050052569348,PLA2G4E,1,Rpost_18,
MF,GO:0016229,steroid dehydrogenase activity,1/18,33/18737,0.030303030303030304,31.54377104377104,5.445600129057432,0.031245783544533334,0.05081731829220806,0.018071592564796606,HSD11B1,1,Rpost_18,Steroid dehidrogenaz aktivitesi
MF,GO:0004623,phospholipase A2 activity,1/18,35/18737,0.02857142857142857,29.74126984126984,5.277513066620136,0.03310951868105083,0.05269041682575831,0.018737701573882756,PLA2G4E,1,Rpost_18,Fosfolipaz A2 aktivitesi
MF,GO:0005343,organic acid:sodium symporter activity,1/18,35/18737,0.02857142857142857,29.74126984126984,5.277513066620136,0.03310951868105083,0.05269041682575831,0.018737701573882756,SLC1A1,1,Rpost_18,Organik asit:sodyum simporter aktivitesi
MF,GO:0022836,gated channel activity,2/18,308/18737,0.006493506493506494,6.75937950937951,3.1603380457361485,0.03464984455647163,0.05455507440806172,0.01940080882221256,GRIN1/TPCN1,2,Rpost_18,Kapılı kanal aktivitesi
MF,GO:0005547,"phosphatidylinositol-3,4,5-trisphosphate binding",1/18,40/18737,0.025,26.023611111111112,4.912780754207784,0.03775405234853435,0.05881683944824299,0.0209163724922628,PLA2G4E,1,Rpost_18,"Fosfatidilinositol-3,4,5-trisfosfat bağlanması"
MF,GO:0015175,neutral L-amino acid transmembrane transporter activity,1/18,41/18737,0.024390243902439025,25.38888888888889,4.847780674755776,0.03868042701065788,0.059632324974764235,0.02120637445759752,SLC1A1,1,Rpost_18,Nötral L-amino asit transmembran taşıyıcı aktivitesi
MF,GO:0032266,phosphatidylinositol-3-phosphate binding,1/18,47/18737,0.02127659574468085,22.14775413711584,4.501340854592726,0.044221011076806316,0.06747123339553952,0.023994037480632835,PLA2G4E,1,Rpost_18,
MF,GO:0005544,calcium-dependent phospholipid binding,1/18,53/18737,0.018867924528301886,19.640461215932916,4.2139854189303945,0.04973142628440075,0.07495742177673083,0.026656266634683793,PLA2G4E,1,Rpost_18,Kalsiyum-bağımlı fosfolipit bağlanması
MF,GO:0019829,ATPase-coupled monoatomic cation transmembrane transporter activity,1/18,54/18737,0.018518518518518517,19.276748971193413,4.170670586587306,0.05064690660589921,0.07495742177673083,0.026656266634683793,ATP6V0A4,1,Rpost_18,ATPaz-bağlantılı monoatomik katyon transmembran taşıyıcı aktivitesi
MF,GO:0050661,NADP binding,1/18,54/18737,0.018518518518518517,19.276748971193413,4.170670586587306,0.05064690660589921,0.07495742177673083,0.026656266634683793,HSD11B1,1,Rpost_18,NADP bağlanması
MF,GO:0016836,hydro-lyase activity,1/18,61/18737,0.01639344262295082,17.064663023679415,3.8969781815095685,0.057031984428677296,0.08275229113180627,0.029428268539049174,ALOXE3,1,Rpost_18,Hidro-liyaz aktivitesi
MF,GO:0019905,syntaxin binding,1/18,61/18737,0.01639344262295082,17.064663023679415,3.8969781815095685,0.057031984428677296,0.08275229113180627,0.029428268539049174,TPCN1,1,Rpost_18,Sintaksin bağlanması
MF,GO:0022824,transmitter-gated monoatomic ion channel activity,1/18,63/18737,0.015873015873015872,16.522927689594354,3.827001224466862,0.058848829444654305,0.08374641113277728,0.02978179627765906,GRIN1,1,Rpost_18,Transmiter-kapılı monoatomik iyon kanalı aktivitesi
MF,GO:0022835,transmitter-gated channel activity,1/18,63/18737,0.015873015873015872,16.522927689594354,3.827001224466862,0.058848829444654305,0.08374641113277728,0.02978179627765906,GRIN1,1,Rpost_18,Transmiter-kapılı kanal aktivitesi
MF,GO:1901682,sulfur compound transmembrane transporter activity,1/18,64/18737,0.015625,16.264756944444443,3.7932040119228656,0.05975601168038325,0.08422752122568306,0.029952888060342475,SLC1A1,1,Rpost_18,Kükürt bileşiği transmembran taşıyıcı aktivitesi
MF,GO:0015453,oxidoreduction-driven active transmembrane transporter activity,1/18,68/18737,0.014705882352941176,15.308006535947714,3.6652738436273276,0.06337648866156154,0.08848792756519912,0.0314679685509243,CYB5A,1,Rpost_18,Oksidoredüksiyon-tahrikli aktif transmembran taşıyıcı aktivitesi
MF,GO:0005230,extracellular ligand-gated monoatomic ion channel activity,1/18,73/18737,0.0136986301369863,14.25951293759513,3.519816378561907,0.06788357094626551,0.09389503271072239,0.03339083666810896,GRIN1,1,Rpost_18,Hücre dışı ligand-kapılı monoatomik iyon kanalı aktivitesi
MF,GO:0017022,myosin binding,1/18,75/18737,0.013333333333333334,13.87925925925926,3.4655789261251706,0.06968066205173273,0.0954883146634856,0.03395743764704324,TRPM7,1,Rpost_18,Miyozin bağlanması
MF,GO:0016835,carbon-oxygen lyase activity,1/18,79/18737,0.012658227848101266,13.176511954992968,3.3630805554231165,0.073265032071331615,0.09947912611520257,0.03537664513342907,ALOXE3,1,Rpost_18,Karbon-oksijen liyaz aktivitesi
