category,subcategory,ID,Description,GeneRatio,BgRatio,RichFactor,FoldEnrichment,zScore,pvalue,p.adjust,qvalue,geneID,Count,GeneSet,Description_TR
Metabolism,Lipid metabolism,hsa00590,Arachidonic acid metabolism,4/22,63/9399,0.06349206349206349,27.125541125541123,10.077487090871356,1.2247488453492473e-5,0.0010532840070003526,9.153386107347006e-4,246/59344/1571/123745,4,all_25,Araşidonik asit metabolizması
Metabolism,Lipid metabolism,hsa00591,Linoleic acid metabolism,3/22,30/9399,0.1,42.722727272727276,11.08622783655095,4.338088809575472e-5,0.001865378188117453,0.0016210752919992555,246/1571/123745,3,all_25,Linoleik asit metabolizması
Human Diseases,Cancer: overview,hsa05204,Chemical carcinogenesis - DNA adducts,3/22,70/9399,0.04285714285714286,18.309740259740263,7.040753299434535,5.504689070294977e-4,0.015041626352338758,0.01307167039187334,1571/3290/10,3,all_25,Kimyasal karsinogenez - DNA eklentileri
Organismal Systems,Nervous system,hsa04721,Synaptic vesicle cycle,3/22,79/9399,0.0379746835443038,16.223820483314157,6.581522137212575,7.844486855986626e-4,0.015041626352338758,0.01307167039187334,50617/6505/6531,3,all_25,
Metabolism,Xenobiotics biodegradation and metabolism,hsa00983,Drug metabolism - other enzymes,3/22,82/9399,0.036585365853658534,15.630266075388024,6.4449300151194295,8.745131600196952e-4,0.015041626352338758,0.01307167039187334,1571/10/6241,3,all_25,İlaç metabolizması - diğer enzimler
Organismal Systems,Nervous system,hsa04724,Glutamatergic synapse,3/22,116/9399,0.02586206896551724,11.04898119122257,5.274775198271649,0.0023772129261024873,0.03407338527413565,0.029610897851452034,2902/123745/6505,3,all_25,
Human Diseases,Substance dependence,hsa05030,Cocaine addiction,2/22,49/9399,0.04081632653061224,17.437847866419293,5.587715606033541,0.005754608150443274,0.0706994715625888,0.06144017724533421,2902/6531,2,all_25,
Cellular Processes,Cell growth and death,hsa04217,Necroptosis,3/22,168/9399,0.017857142857142856,7.629058441558441,4.199322374097417,0.006729196704597937,0.07233886457442783,0.06286486395084916,246/123745/54822,3,all_25,Nekroptoz
Metabolism,Lipid metabolism,hsa00140,Steroid hormone biosynthesis,2/22,66/9399,0.030303030303030304,12.946280991735536,4.7172746580974145,0.010247329710813189,0.08725280610710649,0.07582557201474371,1571/3290,2,all_25,Steroid hormon biyosentezi
NA,NA,hsa04082,Neuroactive ligand signaling,3/22,199/9399,0.01507537688442211,6.440612151667427,3.7573140324622107,0.010701900864145145,0.08725280610710649,0.07582557201474371,2902/6505/6531,3,all_25,
Human Diseases,Substance dependence,hsa05031,Amphetamine addiction,2/22,69/9399,0.028985507246376812,12.383399209486164,4.59677019600026,0.011160242641606644,0.08725280610710649,0.07582557201474371,2902/6531,2,all_25,
Metabolism,Global and overview maps,hsa01230,Biosynthesis of amino acids,2/22,75/9399,0.02666666666666667,11.392727272727273,4.376794264412277,0.013089853808044088,0.0938106189576493,0.08152452810273074,435/8277,2,all_25,Amino asit biyosentezi
Metabolism,Xenobiotics biodegradation and metabolism,hsa00980,Metabolism of xenobiotics by cytochrome P450,2/22,79/9399,0.02531645569620253,10.815880322209436,4.2435756325199945,0.014451588741869508,0.09560281783082905,0.08308200815163848,1571/3290,2,all_25,Ksenobiyotiklerin sitokrom P450 ile metabolizması
Human Diseases,Cancer: overview,hsa05231,Choline metabolism in cancer,2/22,99/9399,0.020202020202020204,8.630853994490359,3.6969737745339666,0.022122355648593953,0.13589447041279143,0.11809678579324592,123745/23446,2,all_25,Kanserde kolin metabolizması
Organismal Systems,Nervous system,hsa04726,Serotonergic synapse,2/22,115/9399,0.017391304347826087,7.4300395256917,3.360408693642208,0.029228930248695984,0.16757920009252364,0.1456318629935028,246/123745,2,all_25,
Metabolism,Amino acid metabolism,hsa00220,Arginine biosynthesis,1/22,23/9399,0.043478260869565216,18.575098814229246,4.08742688241455,0.05253177028724165,0.2734707663345591,0.23765513353431703,435,1,all_25,Arjinin biyosentezi
Metabolism,Lipid metabolism,hsa00592,alpha-Linolenic acid metabolism,1/22,26/9399,0.038461538461538464,16.431818181818183,3.8164674790637556,0.059186306238239395,0.2734707663345591,0.23765513353431703,123745,1,all_25,Alfa-linolenik asit metabolizması
Metabolism,Lipid metabolism,hsa01040,Biosynthesis of unsaturated fatty acids,1/22,27/9399,0.037037037037037035,15.823232323232322,3.735990473922406,0.06139455346567546,0.2734707663345591,0.23765513353431703,9524,1,all_25,Doymamış yağ asidi biyosentezi
Metabolism,Lipid metabolism,hsa00062,Fatty acid elongation,1/22,28/9399,0.03571428571428571,15.258116883116882,3.6596986015167245,0.06359785263594397,0.2734707663345591,0.23765513353431703,9524,1,all_25,Yağ asidi elongasyonu
Organismal Systems,Excretory system,hsa04966,Collecting duct acid secretion,1/22,28/9399,0.03571428571428571,15.258116883116882,3.6596986015167245,0.06359785263594397,0.2734707663345591,0.23765513353431703,50617,1,all_25,Toplayıcı kanal asit sekresyonu
Metabolism,Carbohydrate metabolism,hsa00030,Pentose phosphate pathway,1/22,31/9399,0.03225806451612903,13.781524926686217,3.452527766053404,0.07017816730032556,0.2802317860776062,0.24353068312741788,8277,1,all_25,Pentoz fosfat yolağı
Human Diseases,Substance dependence,hsa05034,Alcoholism,2/22,191/9399,0.010471204188481676,4.473584007615421,2.3491402044787457,0.0727577261267518,0.2802317860776062,0.24353068312741788,2902/6531,2,all_25,
Metabolism,Carbohydrate metabolism,hsa00051,Fructose and mannose metabolism,1/22,36/9399,0.027777777777777776,11.867424242424242,3.1642257673295595,0.08104737869684087,0.2802317860776062,0.24353068312741788,5207,1,all_25,Fruktoz ve mannoz metabolizması
Metabolism,Carbohydrate metabolism,hsa00500,Starch and sucrose metabolism,1/22,36/9399,0.027777777777777776,11.867424242424242,3.1642257673295595,0.08104737869684087,0.2802317860776062,0.24353068312741788,57733,1,all_25,Nişasta ve sükroz metabolizması
Metabolism,Amino acid metabolism,hsa00250,"Alanine, aspartate and glutamate metabolism",1/22,37/9399,0.02702702702702703,11.546683046683047,3.113361431135375,0.08320661800781715,0.2802317860776062,0.24353068312741788,435,1,all_25,"Alanin, aspartat ve glutamat metabolizması"
Human Diseases,Substance dependence,hsa05033,Nicotine addiction,1/22,41/9399,0.024390243902439025,10.420177383592018,2.927902371220338,0.09179524450484389,0.2802317860776062,0.24353068312741788,2902,1,all_25,
Cellular Processes,Cell growth and death,hsa04216,Ferroptosis,1/22,42/9399,0.023809523809523808,10.172077922077921,2.8855005994411513,0.09393037002534965,0.2802317860776062,0.24353068312741788,246,1,all_25,Ferroptoz
Environmental Information Processing,Signal transduction,hsa04014,Ras signaling pathway,2/22,238/9399,0.008403361344537815,3.590145148968678,1.9603708761014689,0.10595109034792702,0.2802317860776062,0.24353068312741788,2902/123745,2,all_25,
Metabolism,Lipid metabolism,hsa00565,Ether lipid metabolism,1/22,51/9399,0.0196078431372549,8.377005347593583,2.558603191178666,0.11293208989289993,0.2802317860776062,0.24353068312741788,123745,1,all_25,Eter lipit metabolizması
Human Diseases,Infectious disease: bacterial,hsa05110,Vibrio cholerae infection,1/22,51/9399,0.0196078431372549,8.377005347593583,2.558603191178666,0.11293208989289993,0.2802317860776062,0.24353068312741788,50617,1,all_25,
Cellular Processes,Transport and catabolism,hsa04142,Lysosome biogenesis,2/22,250/9399,0.008,3.4178181818181823,1.8767392306068305,0.1150051943419452,0.2802317860776062,0.24353068312741788,50617/53373,2,all_25,Lizozom biyogenezi
Organismal Systems,Endocrine system,hsa04913,Ovarian steroidogenesis,1/22,52/9399,0.019230769230769232,8.215909090909092,2.5272820125312623,0.11501975506431172,0.2802317860776062,0.24353068312741788,123745,1,all_25,
Organismal Systems,Digestive system,hsa04979,Cholesterol metabolism,1/22,52/9399,0.019230769230769232,8.215909090909092,2.5272820125312623,0.11501975506431172,0.2802317860776062,0.24353068312741788,341,1,all_25,Kolesterol metabolizması
Environmental Information Processing,Signal transduction,hsa04020,Calcium signaling pathway,2/22,254/9399,0.007874015748031496,3.363994273443092,1.8499863599018578,0.11806851728475304,0.2802317860776062,0.24353068312741788,2902/53373,2,all_25,
Metabolism,Glycan biosynthesis and metabolism,hsa00510,N-Glycan biosynthesis,1/22,57/9399,0.017543859649122806,7.4952153110047846,2.382364183464529,0.1253879256805629,0.2802317860776062,0.24353068312741788,207063,1,all_25,N-Glukan biyosentezi
Metabolism,Global and overview maps,hsa01212,Fatty acid metabolism,1/22,57/9399,0.017543859649122806,7.4952153110047846,2.382364183464529,0.1253879256805629,0.2802317860776062,0.24353068312741788,9524,1,all_25,Yağ asidi metabolizması
Metabolism,Nucleotide metabolism,hsa00240,Pyrimidine metabolism,1/22,59/9399,0.01694915254237288,7.241140215716487,2.3292366239946527,0.12950264132020506,0.2802317860776062,0.24353068312741788,6241,1,all_25,Pirimidin metabolizması
Metabolism,Metabolism of other amino acids,hsa00480,Glutathione metabolism,1/22,59/9399,0.01694915254237288,7.241140215716487,2.3292366239946527,0.12950264132020506,0.2802317860776062,0.24353068312741788,6241,1,all_25,Glutatyon metabolizması
Environmental Information Processing,Signal transduction,hsa04370,VEGF signaling pathway,1/22,60/9399,0.016666666666666666,7.120454545454546,2.303595477129628,0.1315530633642048,0.2802317860776062,0.24353068312741788,123745,1,all_25,
Organismal Systems,Nervous system,hsa04730,Long-term depression,1/22,60/9399,0.016666666666666666,7.120454545454546,2.303595477129628,0.1315530633642048,0.2802317860776062,0.24353068312741788,123745,1,all_25,
Organismal Systems,Digestive system,hsa04978,Mineral absorption,1/22,61/9399,0.01639344262295082,7.003725782414307,2.278536202566852,0.13359887475792853,0.2802317860776062,0.24353068312741788,54822,1,all_25,Mineral emilimi
Organismal Systems,Nervous system,hsa04720,Long-term potentiation,1/22,67/9399,0.014925373134328358,6.37652645861601,2.1391878655426524,0.14577747106154548,0.298496726459355,0.25940351993407845,2902,1,all_25,
Organismal Systems,Immune system,hsa04664,Fc epsilon RI signaling pathway,1/22,69/9399,0.014492753623188406,6.191699604743082,2.0964783515438685,0.14980056329091318,0.29960112658182636,0.2603632801384293,123745,1,all_25,
Human Diseases,Infectious disease: bacterial,hsa05120,Epithelial cell signaling in Helicobacter pylori infection,1/22,71/9399,0.014084507042253521,6.017285531370039,2.055421171696402,0.15380556551970226,0.30061996897032717,0.26124868784447036,50617,1,all_25,
Metabolism,Xenobiotics biodegradation and metabolism,hsa00982,Drug metabolism - cytochrome P450,1/22,73/9399,0.0136986301369863,5.852428393524284,2.015904538246363,0.15779255523349522,0.30155910555734644,0.26206482857492774,1571,1,all_25,İlaç metabolizması - sitokrom P450
Cellular Processes,Cell growth and death,hsa04115,p53 signaling pathway,1/22,75/9399,0.013333333333333334,5.696363636363636,1.9778270792471855,0.16176160960250474,0.3024238788220741,0.2628163451207743,6241,1,all_25,p53 sinyal yolağı
Metabolism,Global and overview maps,hsa01232,Nucleotide metabolism,1/22,85/9399,0.011764705882352941,5.02620320855615,1.8060681728769052,0.1813405303102711,0.3318145873762407,0.28835784215071103,6241,1,all_25,Nükleotit metabolizması
Organismal Systems,Endocrine system,hsa04912,GnRH signaling pathway,1/22,93/9399,0.010752688172043012,4.59384164222874,1.6870035229588216,0.19668858694331393,0.34403137328446226,0.2989746328420664,123745,1,all_25,
Human Diseases,Immune disease,hsa05323,Rheumatoid arthritis,1/22,95/9399,0.010526315789473684,4.49712918660287,1.6593413292584456,0.2004824637088527,0.34403137328446226,0.2989746328420664,50617,1,all_25,
Organismal Systems,Environmental adaptation,hsa04713,Circadian entrainment,1/22,97/9399,0.010309278350515464,4.404404873477038,1.6324354067377034,0.2042592335322615,0.34403137328446226,0.2989746328420664,2902,1,all_25,
Organismal Systems,Immune system,hsa04666,Fc gamma R-mediated phagosome formation,1/22,98/9399,0.01020408163265306,4.359461966604823,1.619254255557047,0.2061412263147051,0.34403137328446226,0.2989746328420664,123745,1,all_25,
Organismal Systems,Sensory system,hsa04750,Inflammatory mediator regulation of TRP channels,1/22,99/9399,0.010101010101010102,4.315426997245179,1.6062483529428262,0.20801896989293067,0.34403137328446226,0.2989746328420664,123745,1,all_25,
Organismal Systems,Digestive system,hsa04974,Protein digestion and absorption,1/22,103/9399,0.009708737864077669,4.14783759929391,1.5558938926703965,0.21548763464527387,0.3461408726935985,0.30080785754278455,6505,1,all_25,Protein sindirimi ve emilimi
Metabolism,Lipid metabolism,hsa00564,Glycerophospholipid metabolism,1/22,104/9399,0.009615384615384616,4.107954545454546,1.5437029491981513,0.21734426890063163,0.3461408726935985,0.30080785754278455,123745,1,all_25,Gliserofosfolipit metabolizması
Organismal Systems,Endocrine system,hsa04922,Glucagon signaling pathway,1/22,107/9399,0.009345794392523364,3.9927782497875954,1.5080263495342938,0.22288903982386388,0.34851740772458717,0.302873145023815,5207,1,all_25,
Metabolism,Global and overview maps,hsa01200,Carbon metabolism,1/22,116/9399,0.008620689655172414,3.682993730407524,1.4083207558029238,0.23929926531970247,0.36749530031240024,0.3193655608590015,8277,1,all_25,Karbon metabolizması
Environmental Information Processing,Signal transduction,hsa04152,AMPK signaling pathway,1/22,122/9399,0.00819672131147541,3.5018628912071534,1.3472144901577183,0.25005507511541725,0.37727607824431375,0.32786538011439753,5207,1,all_25,
Organismal Systems,Immune system,hsa04611,Platelet activation,1/22,126/9399,0.007936507936507936,3.3906926406926403,1.3085670789187125,0.25714479863332484,0.3799532825450332,0.3301919591272627,123745,1,all_25,Trombosit aktivasyonu
Metabolism,Nucleotide metabolism,hsa00230,Purine metabolism,1/22,128/9399,0.0078125,3.3377130681818183,1.289822657538869,0.26066562407159255,0.3799532825450332,0.3301919591272627,6241,1,all_25,Pürin metabolizması
Organismal Systems,Nervous system,hsa04728,Dopaminergic synapse,1/22,133/9399,0.007518796992481203,3.2122351332877646,1.2445377102445256,0.26939813456065476,0.38175321690533437,0.3317561615701192,6531,1,all_25,
Organismal Systems,Circulatory system,hsa04270,Vascular smooth muscle contraction,1/22,134/9399,0.007462686567164179,3.188263229308005,1.2357378605886018,0.27113278176977085,0.38175321690533437,0.3317561615701192,123745,1,all_25,Vasküler düz kas kasılması
Metabolism,Energy metabolism,hsa00190,Oxidative phosphorylation,1/22,138/9399,0.007246376811594203,3.095849802371541,1.2013453172138637,0.27803213797948345,0.38175321690533437,0.3317561615701192,50617,1,all_25,Oksidatif fosforilasyon
Human Diseases,Endocrine and metabolic disease,hsa04936,Alcoholic liver disease,1/22,144/9399,0.006944444444444444,2.9668560606060606,1.1520271534451534,0.28826440286634647,0.38175321690533437,0.3317561615701192,1571,1,all_25,
Human Diseases,Neurodegenerative disease,hsa05017,Spinocerebellar ataxia,1/22,144/9399,0.006944444444444444,2.9668560606060606,1.1520271534451534,0.28826440286634647,0.38175321690533437,0.3317561615701192,2902,1,all_25,
Environmental Information Processing,Signal transduction,hsa04072,Phospholipase D signaling pathway,1/22,149/9399,0.006711409395973154,2.8672971323978036,1.1128401877621528,0.29668540270497124,0.38175321690533437,0.3317561615701192,123745,1,all_25,
Organismal Systems,Endocrine system,hsa04921,Oxytocin signaling pathway,1/22,154/9399,0.006493506493506494,2.774203069657615,1.0752447524513442,0.3050112459026043,0.38175321690533437,0.3317561615701192,123745,1,all_25,
Cellular Processes,Transport and catabolism,hsa04148,Efferocytosis,1/22,157/9399,0.006369426751592357,2.721192819918935,1.0534003846078717,0.30996150330933314,0.38175321690533437,0.3317561615701192,246,1,all_25,Eferositoz
Cellular Processes,Cell growth and death,hsa04218,Cellular senescence,1/22,157/9399,0.006369426751592357,2.721192819918935,1.0534003846078717,0.30996150330933314,0.38175321690533437,0.3317561615701192,54822,1,all_25,Hücresel yaşlanma
Human Diseases,Endocrine and metabolic disease,hsa04932,Non-alcoholic fatty liver disease,1/22,157/9399,0.006369426751592357,2.721192819918935,1.0534003846078717,0.30996150330933314,0.38175321690533437,0.3317561615701192,1571,1,all_25,Alkol dışı yağlı karaciğer hastalığı
Human Diseases,Neurodegenerative disease,hsa05022,Pathways of neurodegeneration - multiple diseases,2/22,480/9399,0.004166666666666667,1.7801136363636365,0.8498015304536083,0.31072936259736517,0.38175321690533437,0.3317561615701192,2902/6531,2,all_25,
Human Diseases,Infectious disease: bacterial,hsa05152,Tuberculosis,1/22,181/9399,0.0055248618784530384,2.3603716725263686,0.8951083700587367,0.3483696770048462,0.4219689045410813,0.3667049231629961,50617,1,all_25,
Organismal Systems,Immune system,hsa04621,NOD-like receptor signaling pathway,1/22,187/9399,0.0053475935828877,2.284637822070977,0.8594520378074729,0.35764790176144645,0.4271905493261721,0.37124270504477636,54822,1,all_25,
Environmental Information Processing,Signal transduction,hsa04015,Rap1 signaling pathway,1/22,212/9399,0.0047169811320754715,2.015222984562607,0.7241684778833032,0.39496739202585063,0.4653040508797692,0.404364597459775,2902,1,all_25,
NA,NA,hsa04382,Cornified envelope formation,1/22,217/9399,0.004608294930875576,1.968789275240888,0.6993388384427509,0.4021786638374445,0.46739682554081385,0.40618328780168655,59344,1,all_25,Kornifiye zarf oluşumu
Environmental Information Processing,Signal transduction,hsa04024,cAMP signaling pathway,1/22,226/9399,0.004424778761061947,1.8903861625100562,0.6562571189466614,0.41495269120511225,0.47113949784084075,0.4094357937172545,2902,1,all_25,
Human Diseases,Cancer: overview,hsa05208,Chemical carcinogenesis - reactive oxygen species,1/22,227/9399,0.004405286343612335,1.8820584701641971,0.6515914591029851,0.4163558353012081,0.47113949784084075,0.4094357937172545,1571,1,all_25,Kimyasal karsinogenez - reaktif oksijen türleri
Organismal Systems,Environmental adaptation,hsa04714,Thermogenesis,1/22,235/9399,0.00425531914893617,1.817988394584139,0.6150857075941568,0.4274659209185878,0.47742947011686426,0.41490198749445983,788,1,all_25,Termogenez
Cellular Processes,Transport and catabolism,hsa04145,Phagocytosis,1/22,259/9399,0.003861003861003861,1.6495261495261495,0.5134173338573292,0.4595978276866537,0.5067360664237465,0.440370388201787,50617,1,all_25,Fagositoz
Human Diseases,Neurodegenerative disease,hsa05012,Parkinson disease,1/22,268/9399,0.0037313432835820895,1.5941316146540025,0.47795608030285924,0.47119751728856096,0.5129491960356487,0.44576980316439485,6531,1,all_25,
Human Diseases,Neurodegenerative disease,hsa05020,Prion disease,1/22,275/9399,0.0036363636363636364,1.5535537190082644,0.45126389151016866,0.48005478348242137,0.5160588922436029,0.4484722319375252,2902,1,all_25,
Environmental Information Processing,Signal transduction,hsa04010,MAPK signaling pathway,1/22,300/9399,0.0033333333333333335,1.424090909090909,0.3615928718189163,0.510546008695369,0.5420611944173054,0.47106909184368034,123745,1,all_25,
Human Diseases,Neurodegenerative disease,hsa05016,Huntington disease,1/22,308/9399,0.003246753246753247,1.3871015348288076,0.3345734890832098,0.5199372631091841,0.5453000564315833,0.4738837699711434,2902,1,all_25,
Human Diseases,Infectious disease: viral,hsa05165,Human papillomavirus infection,1/22,333/9399,0.003003003003003003,1.2829647829647828,0.25465004069029595,0.5481890302048709,0.568003091537577,0.4936134577621539,50617,1,all_25,
Human Diseases,Neurodegenerative disease,hsa05014,Amyotrophic lateral sclerosis,1/22,368/9399,0.002717391304347826,1.160943675889328,0.15255519703635187,0.5850873999745296,0.5950315732137474,0.5171021015688626,2902,1,all_25,
Environmental Information Processing,Signaling molecules and interaction,hsa04080,Neuroactive ligand-receptor interaction,1/22,371/9399,0.0026954177897574125,1.1515559911786328,0.1442651366806781,0.5881126014321922,0.5950315732137474,0.5171021015688626,2902,1,all_25,
Human Diseases,Neurodegenerative disease,hsa05010,Alzheimer disease,1/22,388/9399,0.002577319587628866,1.1011012183692594,0.0985105763552495,0.6048616593306715,0.6048616593306715,0.5256447712665566,2902,1,all_25,
