ID,Description,GeneRatio,BgRatio,RichFactor,FoldEnrichment,zScore,pvalue,p.adjust,qvalue,geneID,Count,GeneSet
R-HSA-70635,Urea cycle,2/23,10/11146,0.2,96.9217391304348,13.798930234159744,1.814670524319815e-4,0.016193356586649325,0.01004795533354418,ASL/SLC25A15,2,all_25
R-HSA-8978868,Fatty acid metabolism,4/23,176/11146,0.022727272727272728,11.013833992094861,6.089005879084501,4.207036564637009e-4,0.016193356586649325,0.01004795533354418,ALOX15/ALOXE3/SLC25A20/TECR,4,all_25
R-HSA-9018677,Biosynthesis of DHA-derived SPMs,2/23,17/11146,0.11764705882352941,57.012787723785166,10.509367113249258,5.436337464777853e-4,0.016193356586649325,0.01004795533354418,ALOX15/CYP2E1,2,all_25
R-HSA-9018678,Biosynthesis of specialized proresolving mediators (SPMs),2/23,19/11146,0.10526315789473684,51.01144164759726,9.920878162107641,6.818255404904979e-4,0.016193356586649325,0.01004795533354418,ALOX15/CYP2E1,2,all_25
R-HSA-9748784,Drug ADME,3/23,110/11146,0.02727272727272727,13.216600790513832,5.855093906688102,0.0014344671839236175,0.025312020791727674,0.01570607384306648,CYP2E1/HSD11B1/NAT2,3,all_25
R-HSA-9753281,Paracetamol ADME,2/23,29/11146,0.06896551724137931,33.421289355322344,7.949292256306948,0.0015986539447406952,0.025312020791727674,0.01570607384306648,CYP2E1/NAT2,2,all_25
R-HSA-9840310,Glycosphingolipid catabolism,2/23,39/11146,0.05128205128205128,24.851727982162764,6.784951555714625,0.0028813959584365035,0.03910465943592398,0.024264387018412655,ARSD/GBA3,2,all_25
R-HSA-1660662,Glycosphingolipid metabolism,2/23,58/11146,0.034482758620689655,16.710644677661172,5.454744089648522,0.006276659683911686,0.06164334890509528,0.03824961261701203,ARSD/GBA3,2,all_25
R-HSA-983712,Ion channel transport,3/23,186/11146,0.016129032258064516,7.816269284712483,4.262760376604407,0.006333283771442727,0.06164334890509528,0.03824961261701203,ATP6V0A4/TPCN1/TRPM7,3,all_25
R-HSA-2142753,Arachidonic acid metabolism,2/23,59/11146,0.03389830508474576,16.427413411938097,5.40262825344011,0.0064887735689573975,0.06164334890509528,0.03824961261701203,ALOX15/ALOXE3,2,all_25
R-HSA-425366,"Transport of bile salts and organic acids, metal ions and amine compounds",2/23,84/11146,0.023809523809523808,11.538302277432711,4.408455419577494,0.012813828809358715,0.09961787839767622,0.06181275557085726,SLC44A1/SLC6A3,2,all_25
R-HSA-425407,SLC-mediated transmembrane transport,3/23,250/11146,0.012,5.815304347826087,3.501492371028944,0.014173121395064905,0.09961787839767622,0.06181275557085726,SLC1A1/SLC44A1/SLC6A3,3,all_25
R-HSA-5619102,SLC transporter disorders,2/23,98/11146,0.02040816326530612,9.88997338065661,4.019431682356495,0.01716878253900266,0.09961787839767622,0.06181275557085726,SLC1A1/SLC6A3,2,all_25
R-HSA-112315,Transmission across Chemical Synapses,3/23,270/11146,0.011111111111111112,5.384541062801932,3.3163809376593383,0.017397979284420904,0.09961787839767622,0.06181275557085726,GRIN1/SLC1A1/SLC6A3,3,all_25
R-HSA-428157,Sphingolipid metabolism,2/23,106/11146,0.018867924528301886,9.143560295324036,3.8306784455195495,0.01990261764577729,0.09961787839767622,0.06181275557085726,ARSD/GBA3,2,all_25
R-HSA-112311,Neurotransmitter clearance,1/23,10/11146,0.1,48.4608695652174,6.827537051767191,0.020452823062475867,0.09961787839767622,0.06181275557085726,SLC6A3,1,all_25
R-HSA-1483115,Hydrolysis of LPC,1/23,10/11146,0.1,48.4608695652174,6.827537051767191,0.020452823062475867,0.09961787839767622,0.06181275557085726,PLA2G4E,1,all_25
R-HSA-194002,Glucocorticoid biosynthesis,1/23,10/11146,0.1,48.4608695652174,6.827537051767191,0.020452823062475867,0.09961787839767622,0.06181275557085726,HSD11B1,1,all_25
R-HSA-9757110,Prednisone ADME,1/23,10/11146,0.1,48.4608695652174,6.827537051767191,0.020452823062475867,0.09961787839767622,0.06181275557085726,HSD11B1,1,all_25
R-HSA-2672351,Stimuli-sensing channels,2/23,109/11146,0.01834862385321101,8.891902672516952,3.764977924800641,0.020972184925826573,0.09961787839767622,0.06181275557085726,TPCN1/TRPM7,2,all_25
R-HSA-211999,CYP2E1 reactions,1/23,11/11146,0.09090909090909091,44.055335968379445,6.49637670179854,0.022475953905647827,0.10167693433507351,0.06309039692813424,CYP2E1,1,all_25
R-HSA-9634600,"Regulation of glycolysis by fructose 2,6-bisphosphate metabolism",1/23,12/11146,0.08333333333333333,40.38405797101449,6.206953078779249,0.024495087543741412,0.1057742416661561,0.06563277045213009,PFKFB1,1,all_25
R-HSA-1663150,The activation of arylsulfatases,1/23,13/11146,0.07692307692307693,37.27759197324415,5.951096727934099,0.02651023151594345,0.10903813393017331,0.06765801108132638,ARSD,1,all_25
R-HSA-200425,Carnitine metabolism,1/23,14/11146,0.07142857142857142,34.61490683229813,5.722717619510367,0.028521393347896495,0.10903813393017331,0.06765801108132638,SLC25A20,1,all_25
R-HSA-1483206,Glycerophospholipid biosynthesis,2/23,129/11146,0.015503875968992248,7.513313110886417,3.383437219956507,0.02869424577109824,0.10903813393017331,0.06765801108132638,PLA2G4E/SLC44A1,2,all_25
R-HSA-1482922,Acyl chain remodelling of PI,1/23,17/11146,0.058823529411764705,28.506393861892583,5.160871343911044,0.034531061056021106,0.11431255070490266,0.07093077938475954,PLA2G4E,1,all_25
R-HSA-71291,Metabolism of amino acids and derivatives,3/23,367/11146,0.008174386920980926,3.9613789835327564,2.623196184119661,0.038495513064654596,0.11431255070490266,0.07093077938475954,ASL/SLC25A15/SLC44A1,3,all_25
R-HSA-442660,Na+/Cl- dependent neurotransmitter transporters,1/23,19/11146,0.05263157894736842,25.50572082379863,4.861252996477269,0.03851773285627724,0.11431255070490266,0.07093077938475954,SLC6A3,1,all_25
R-HSA-8963898,Plasma lipoprotein assembly,1/23,19/11146,0.05263157894736842,25.50572082379863,4.861252996477269,0.03851773285627724,0.11431255070490266,0.07093077938475954,APOC1,1,all_25
R-HSA-2142691,Synthesis of Leukotrienes (LT) and Eoxins (EX),1/23,21/11146,0.047619047619047616,23.076604554865423,4.60452570519654,0.04248865556507142,0.11431255070490266,0.07093077938475954,ALOX15,1,all_25
R-HSA-442982,Ras activation upon Ca2+ influx through NMDA receptor,1/23,21/11146,0.047619047619047616,23.076604554865423,4.60452570519654,0.04248865556507142,0.11431255070490266,0.07093077938475954,GRIN1,1,all_25
R-HSA-8849932,Synaptic adhesion-like molecules,1/23,21/11146,0.047619047619047616,23.076604554865423,4.60452570519654,0.04248865556507142,0.11431255070490266,0.07093077938475954,GRIN1,1,all_25
R-HSA-438066,"Unblocking of NMDA receptors, glutamate binding and activation",1/23,22/11146,0.045454545454545456,22.027667984189723,4.48915858071738,0.044468229580532426,0.11431255070490266,0.07093077938475954,GRIN1,1,all_25
R-HSA-9609523,Insertion of tail-anchored proteins into the endoplasmic reticulum membrane,1/23,22/11146,0.045454545454545456,22.027667984189723,4.48915858071738,0.044468229580532426,0.11431255070490266,0.07093077938475954,CYB5A,1,all_25
R-HSA-9617324,Negative regulation of NMDA receptor-mediated neuronal transmission,1/23,22/11146,0.045454545454545456,22.027667984189723,4.48915858071738,0.044468229580532426,0.11431255070490266,0.07093077938475954,GRIN1,1,all_25
R-HSA-1482801,Acyl chain remodelling of PS,1/23,23/11146,0.043478260869565216,21.069943289224952,4.381189927347669,0.046443888580860015,0.11431255070490266,0.07093077938475954,PLA2G4E,1,all_25
R-HSA-210500,Glutamate Neurotransmitter Release Cycle,1/23,24/11146,0.041666666666666664,20.192028985507246,4.2798451122238825,0.04841563995752485,0.11431255070490266,0.07093077938475954,SLC1A1,1,all_25
R-HSA-75876,Synthesis of very long-chain fatty acyl-CoAs,1/23,24/11146,0.041666666666666664,20.192028985507246,4.2798451122238825,0.04841563995752485,0.11431255070490266,0.07093077938475954,TECR,1,all_25
R-HSA-9620244,Long-term potentiation,1/23,24/11146,0.041666666666666664,20.192028985507246,4.2798451122238825,0.04841563995752485,0.11431255070490266,0.07093077938475954,GRIN1,1,all_25
R-HSA-211981,Xenobiotics,1/23,25/11146,0.04,19.38434782608696,4.184458816704093,0.0503834910887041,0.11431255070490266,0.07093077938475954,CYP2E1,1,all_25
R-HSA-5619115,Disorders of transmembrane transporters,2/23,176/11146,0.011363636363636364,5.506916996047431,2.740473240033986,0.05049596742220836,0.11431255070490266,0.07093077938475954,SLC1A1/SLC6A3,2,all_25
R-HSA-112316,Neuronal System,3/23,410/11146,0.007317073170731708,3.5459172852598093,2.388404894132751,0.050728672474963474,0.11431255070490266,0.07093077938475954,GRIN1/SLC1A1/SLC6A3,3,all_25
R-HSA-1482788,Acyl chain remodelling of PC,1/23,28/11146,0.03571428571428571,17.307453416149066,3.928663330268654,0.056263716592214186,0.11431255070490266,0.07093077938475954,PLA2G4E,1,all_25
R-HSA-1483191,Synthesis of PC,1/23,28/11146,0.03571428571428571,17.307453416149066,3.928663330268654,0.056263716592214186,0.11431255070490266,0.07093077938475954,SLC44A1,1,all_25
R-HSA-3295583,TRP channels,1/23,28/11146,0.03571428571428571,17.307453416149066,3.928663330268654,0.056263716592214186,0.11431255070490266,0.07093077938475954,TRPM7,1,all_25
R-HSA-69205,G1/S-Specific Transcription,1/23,28/11146,0.03571428571428571,17.307453416149066,3.928663330268654,0.056263716592214186,0.11431255070490266,0.07093077938475954,RRM2,1,all_25
R-HSA-442742,CREB1 phosphorylation through NMDA receptor-mediated activation of RAS signaling,1/23,29/11146,0.034482758620689655,16.710644677661172,3.8520524186747056,0.0582160402581956,0.11431255070490266,0.07093077938475954,GRIN1,1,all_25
R-HSA-1482839,Acyl chain remodelling of PE,1/23,30/11146,0.03333333333333333,16.153623188405795,3.779164774884456,0.060164500371001406,0.11431255070490266,0.07093077938475954,PLA2G4E,1,all_25
R-HSA-499943,Interconversion of nucleotide di- and triphosphates,1/23,30/11146,0.03333333333333333,16.153623188405795,3.779164774884456,0.060164500371001406,0.11431255070490266,0.07093077938475954,RRM2,1,all_25
R-HSA-77387,Insulin receptor recycling,1/23,30/11146,0.03333333333333333,16.153623188405795,3.779164774884456,0.060164500371001406,0.11431255070490266,0.07093077938475954,ATP6V0A4,1,all_25
R-HSA-917977,Transferrin endocytosis and recycling,1/23,31/11146,0.03225806451612903,15.632538569424966,3.709699886333097,0.06210910422953575,0.11569342944717444,0.07178761273176475,ATP6V0A4,1,all_25
R-HSA-8953750,Transcriptional Regulation by E2F6,1/23,35/11146,0.02857142857142857,13.845962732919254,3.4611234669551623,0.06984910263983901,0.1207092163298159,0.07489990154537053,RRM2,1,all_25
R-HSA-1483257,Phospholipid metabolism,2/23,212/11146,0.009433962264150943,4.571780147662018,2.3875699300098865,0.07015175982150898,0.1207092163298159,0.07489990154537053,PLA2G4E/SLC44A1,2,all_25
R-HSA-1222556,ROS and RNS production in phagocytes,1/23,36/11146,0.027777777777777776,13.461352657004829,3.405276595323554,0.07177453425169034,0.1207092163298159,0.07489990154537053,ATP6V0A4,1,all_25
R-HSA-196071,Metabolism of steroid hormones,1/23,36/11146,0.027777777777777776,13.461352657004829,3.405276595323554,0.07177453425169034,0.1207092163298159,0.07489990154537053,HSD11B1,1,all_25
R-HSA-75105,Fatty acyl-CoA biosynthesis,1/23,37/11146,0.02702702702702703,13.09753231492362,3.35160751342862,0.07369615312767708,0.1207092163298159,0.07489990154537053,TECR,1,all_25
R-HSA-8964043,Plasma lipoprotein clearance,1/23,37/11146,0.02702702702702703,13.09753231492362,3.35160751342862,0.07369615312767708,0.1207092163298159,0.07489990154537053,APOC1,1,all_25
R-HSA-9029569,NR1H3 & NR1H2 regulate gene expression linked to cholesterol transport and efflux,1/23,37/11146,0.02702702702702703,13.09753231492362,3.35160751342862,0.07369615312767708,0.1207092163298159,0.07489990154537053,APOC1,1,all_25
R-HSA-211859,Biological oxidations,2/23,222/11146,0.009009009009009009,4.365844104974539,2.3034172998357896,0.07600142115745963,0.12237516966031635,0.07593362327953147,CYP2E1/NAT2,2,all_25
R-HSA-9609736,Assembly and cell surface presentation of NMDA receptors,1/23,41/11146,0.024390243902439025,11.819724284199365,3.1560351148759596,0.08134464522725471,0.1287956882764866,0.07991754618818006,GRIN1,1,all_25
R-HSA-3928662,EPHB-mediated forward signaling,1/23,42/11146,0.023809523809523808,11.538302277432711,3.111347763355624,0.08324730827631088,0.12964744731556613,0.08044606149220723,GRIN1,1,all_25
R-HSA-9749641,Aspirin ADME,1/23,44/11146,0.022727272727272728,11.013833992094861,3.0263496298177066,0.08704133244802736,0.13336978358971935,0.08275576599472889,CYP2E1,1,all_25
R-HSA-9024446,NR1H2 and NR1H3-mediated signaling,1/23,47/11146,0.02127659574468085,10.310823311748381,2.908627288702782,0.09270422064572958,0.139792078751497,0.08674079124746628,APOC1,1,all_25
R-HSA-112310,Neurotransmitter release cycle,1/23,51/11146,0.0196078431372549,9.502131287297527,2.7672106948749047,0.10020249277066029,0.14873807520644886,0.09229176965718709,SLC1A1,1,all_25
R-HSA-6794361,Neurexins and neuroligins,1/23,55/11146,0.01818181818181818,8.811067193675889,2.6405801344786037,0.10764146901342952,0.15732214701962777,0.09761817432796847,GRIN1,1,all_25
R-HSA-917937,Iron uptake and transport,1/23,58/11146,0.017241379310344827,8.355322338830586,2.553771782022679,0.11318205774694912,0.16291356796909343,0.10108764328276157,ATP6V0A4,1,all_25
R-HSA-163841,"Gamma carboxylation, hypusinylation, hydroxylation, and arylsulfatase activation",1/23,61/11146,0.01639344262295082,7.9444048467569495,2.4730055220262166,0.11868973218181689,0.1682914113025762,0.10442458762265115,ARSD,1,all_25
R-HSA-211897,Cytochrome P450 - arranged by substrate type,1/23,66/11146,0.015151515151515152,7.342555994729907,2.3499541207690915,0.12779655329705808,0.17853930240030172,0.11078338985503486,CYP2E1,1,all_25
R-HSA-70171,Glycolysis,1/23,73/11146,0.0136986301369863,6.638475282906491,2.197776103064474,0.14039500568735586,0.19329747159853342,0.11994081340186007,PFKFB1,1,all_25
R-HSA-174824,"Plasma lipoprotein assembly, remodeling, and clearance",1/23,75/11146,0.013333333333333334,6.46144927536232,2.1579336957440263,0.14396247114791894,0.19537763941503286,0.12123155465087909,APOC1,1,all_25
R-HSA-438064,Post NMDA receptor activation events,1/23,80/11146,0.0125,6.057608695652175,2.0643715800045936,0.15281928356237406,0.20447650617500754,0.12687738887313485,GRIN1,1,all_25
R-HSA-74752,Signaling by Insulin receptor,1/23,82/11146,0.012195121951219513,5.909862142099683,2.02914520782438,0.15633740859125056,0.20627852522456672,0.12799553919751508,ATP6V0A4,1,all_25
R-HSA-70326,Glucose metabolism,1/23,84/11146,0.011904761904761904,5.769151138716356,1.9950642552056497,0.15984155643349673,0.20801298439975605,0.12907176871342202,PFKFB1,1,all_25
R-HSA-6794362,Protein-protein interactions at synapses,1/23,86/11146,0.011627906976744186,5.634984833164813,1.962063077932364,0.16333178010466898,0.20968269067491288,0.13010781914454428,GRIN1,1,all_25
R-HSA-2682334,EPH-Ephrin signaling,1/23,92/11146,0.010869565217391304,5.267485822306238,1.8689567712137576,0.17371943337804674,0.21929833879062222,0.13607431548226973,GRIN1,1,all_25
R-HSA-442755,Activation of NMDA receptors and postsynaptic events,1/23,93/11146,0.010752688172043012,5.210846189808322,1.8542306400001296,0.17543867103249777,0.21929833879062222,0.13607431548226973,GRIN1,1,all_25
R-HSA-15869,Metabolism of nucleotides,1/23,99/11146,0.010101010101010102,4.89503732981994,1.7701090821540564,0.1856824623843788,0.2290887522924154,0.1421492535000029,RRM2,1,all_25
R-HSA-211945,Phase I - Functionalization of compounds,1/23,106/11146,0.009433962264150943,4.571780147662018,1.680142434954379,0.19747971471619874,0.23651225137893533,0.14675552440133385,CYP2E1,1,all_25
R-HSA-163685,Integration of energy metabolism,1/23,108/11146,0.009259259259259259,4.487117552334944,1.6558700710302023,0.20082021721722176,0.23651225137893533,0.14675552440133385,PFKFB1,1,all_25
R-HSA-6785807,Interleukin-4 and Interleukin-13 signaling,1/23,108/11146,0.009259259259259259,4.487117552334944,1.6558700710302023,0.20082021721722176,0.23651225137893533,0.14675552440133385,ALOX15,1,all_25
R-HSA-156580,Phase II - Conjugation of compounds,1/23,109/11146,0.009174311926605505,4.445951336258476,1.6439547279430244,0.20248547677547546,0.23651225137893533,0.14675552440133385,NAT2,1,all_25
R-HSA-425393,Transport of inorganic cations/anions and amino acids/oligopeptides,1/23,110/11146,0.00909090909090909,4.4055335968379445,1.6321822537862263,0.20414741697971261,0.23651225137893533,0.14675552440133385,SLC1A1,1,all_25
R-HSA-196849,Metabolism of water-soluble vitamins and cofactors,1/23,127/11146,0.007874015748031496,3.8158165011982197,1.451202789109018,0.23189861561673109,0.26542612630830664,0.16469654374809053,CYB5A,1,all_25
R-HSA-69206,G1/S Transition,1/23,131/11146,0.007633587786259542,3.699303020245602,1.4131492212368824,0.2382924759081818,0.2694974429913961,0.16722279011100477,RRM2,1,all_25
R-HSA-453279,Mitotic G1 phase and G1/S transition,1/23,149/11146,0.006711409395973154,3.252407353370295,1.2586238121321986,0.2664401756449005,0.2977860786619477,0.1847758493636462,RRM2,1,all_25
R-HSA-8957322,Metabolism of steroids,1/23,154/11146,0.006493506493506494,3.1468097120271037,1.2198559186697302,0.2740806652031902,0.30276352551515195,0.18786434824208872,HSD11B1,1,all_25
R-HSA-9609507,Protein localization,1/23,164/11146,0.006097560975609756,2.9549310710498413,1.14684741322986,0.2891339041291545,0.31572092979620325,0.1959043996519377,CYB5A,1,all_25
R-HSA-196854,Metabolism of vitamins and cofactors,1/23,200/11146,0.005,2.42304347826087,0.9234182022344934,0.3408914389465272,0.3680078034081828,0.22834833230867846,CYB5A,1,all_25
R-HSA-112314,Neurotransmitter receptors and postsynaptic signal transmission,1/23,205/11146,0.004878048780487805,2.3639448568398724,0.896268678981195,0.34778832869473264,0.37123473287639996,0.2303506375742759,GRIN1,1,all_25
R-HSA-5673001,RAF/MAP kinase cascade,1/23,280/11146,0.0035714285714285713,1.7307453416149068,0.563122923151459,0.44331328781307766,0.4679418038026931,0.29035724114072925,GRIN1,1,all_25
R-HSA-5684996,MAPK1/MAPK3 signaling,1/23,286/11146,0.0034965034965034965,1.694435998783825,0.5409950804210191,0.45034760408897656,0.4698264521529526,0.291526662831749,GRIN1,1,all_25
R-HSA-71387,Metabolism of carbohydrates,1/23,290/11146,0.0034482758620689655,1.6710644677661168,0.5265278061162462,0.45498982734812254,0.4698264521529526,0.291526662831749,PFKFB1,1,all_25
R-HSA-9006931,Signaling by Nuclear Receptors,1/23,298/11146,0.003355704697986577,1.6262036766851475,0.4982437880801559,0.4641620148983868,0.4741439937134059,0.2942056913900358,APOC1,1,all_25
R-HSA-5683057,MAPK family signaling cascades,1/23,325/11146,0.003076923076923077,1.4911036789297658,0.4085772257994985,0.49404049240791914,0.49929624232715236,0.30981262681795596,GRIN1,1,all_25
R-HSA-449147,Signaling by Interleukins,1/23,473/11146,0.0021141649048625794,1.024542696939057,0.024802907069086604,0.6315196390069113,0.6315196390069113,0.391857061322848,ALOX15,1,all_25
