"metabolite","VIP","log2FC","p_value","neg_log10_p","vip_norm","fc_norm","p_norm","combined_score"
"2,6-Dichloro-4-nitroaniline",1.65450284150433,-5.9692,3.34489234251845e-06,5.47561785571457,0.957280279052459,0.911536993204551,1,2.86881727225701
"Trp",1.72833691209224,4.2656,1.45396581691305e-05,4.83744580372495,1,0.651385813545087,0.883452047092074,2.53483786063716
"Chloratranol",1.58574251508816,6.5485,0.0154614400657488,1.81075005870474,0.917496180283814,1,0.330693285473707,2.24818946575752
"Glabrone",1.4699450334339,3.9762,0.00195112562566137,2.70971476711236,0.850496811790275,0.607192486829045,0.494869225449033,1.95255852406835
"(9Z, 12Z)-Octadecadienoate",1.38288182573993,3.3757,0.00589147571864603,2.22977590789693,0.80012283257081,0.515492097426892,0.407219051192524,1.72283398119023
"b-Hydroxypropionate",1.58152690078218,1.4539,0.00714241457599587,2.14615494512029,0.915057064231569,0.222020309994655,0.391947539377768,1.52902491360399
"S-Adenosylmethionine",1.27369895661528,2.6685,0.0182080350964484,1.73973691817061,0.736950618657681,0.407497900282507,0.317724312399733,1.46217283133992
"Daidzein",0.638939660001753,6.3859,0.328018760420843,0.484101316915596,0.369684669424946,0.975169886233489,0.0884103547164762,1.43326491037491
"Hedysarimcoumestan A",1.43495151710609,-1.8426,0.0314134927304801,1.50288377359055,0.830249881875754,0.281377414675116,0.27446834552599,1.38609564207686
"Gangaleoidin",1.19768407333978,2.8469,0.0465352080104991,1.332218340468,0.692969099346447,0.434740780331374,0.243300094267471,1.37100997394529
"Thiamine monophosphate",1.38057958762511,-0.83968,0.0125746458514333,1.90050423743976,0.798790778560557,0.128224784301748,0.347084892978117,1.27410045584042
"Bestatin",1.3573481381709,-0.84569,0.012269510399834,1.91117276693011,0.785349273439841,0.129142551729404,0.349033262965116,1.26352508813436
"Bergapten",0.896944983142632,3.9073,0.20343798880265,0.691567946266424,0.518964200132041,0.596670993357257,0.126299527193023,1.24193472068232
"Florasulam",0.52076701997122,5.7178,0.442937292167396,0.353657753671632,0.301311055921848,0.873146522104299,0.0645877347526255,1.23904531277877
"4-Nitrophenyl phosphate",1.26740507899053,-0.62237,0.0196996310341201,1.7055419079169,0.733309038372771,0.095040085515767,0.311479353172341,1.13982847706088
"Octopine",1.25146350078511,-0.72594,0.0232870292390333,1.63288591152487,0.724085386378832,0.110855921203329,0.298210348960113,1.13315165654227
"Vincristine",0.977303499555964,2.549,0.14050232744093,0.852316481549786,0.565458906025959,0.389249446438116,0.155656677293554,1.11036502975763
"Apiopaeonoside",1.18951048828806,-0.97676,0.0506477688293942,1.29543968172374,0.688239937459935,0.149157822402077,0.236583289020393,1.0739810488824
"Homoeriodictyol",1.19604615064114,-0.72617,0.0352131544715453,1.45329506813569,0.692021412187082,0.110891043750477,0.265412069729989,1.06832452566755
"Naringenin",1.19724530154592,-0.57184,0.0396655596034303,1.40158641428925,0.692715229981748,0.0873238146140338,0.255968632439625,1.03600767703541
"L-Homocystine",1.29638454110554,-0.96248,0.201049918329846,0.696696098979396,0.750076291280618,0.146977170344354,0.127236070401132,1.0242895320261
"Oleandomycin",0.897345737898418,2.4542,0.24714321721896,0.607051304138262,0.519196073184675,0.374772848743987,0.110864439435765,1.00483336136443
"73FTA",1.13361872376151,-0.71454,0.0520105988041919,1.28390814611251,0.655901471426194,0.109115064518592,0.234477310130869,0.999493846075655
"Galacturonate 1-phosphate",1.3031768671947,0.47084,0.124512511250157,0.904787007653319,0.754006269308419,0.0719004352141712,0.165239253632181,0.991145958154771
"Glu-Glu",1.28815836554089,0.47047,0.130399962398878,0.884722533833868,0.745316701002181,0.0718439337252806,0.161574923076587,0.978735557804048
"4-Methylsulfinyl-3-butenyl glucosinolate",1.11982727429237,-0.62986,0.0689322821870319,1.16157734279078,0.647921864341116,0.0961838588989845,0.212136305600383,0.956242028840484
"Lucidenic acid F",1.05530719603686,-1.1254,0.116965831013656,0.93194098927531,0.610591134548735,0.171856150263419,0.170198325345641,0.952645610157795
"Loperamide",1.09730716112189,-0.74195,0.090150291542729,1.04503286444692,0.634891931917108,0.113300755898297,0.190852044825641,0.939044732641047
"Benzimidazole",1.07748266105762,-0.61679,0.0680815772504084,1.1669703914779,0.623421656691499,0.0941879819806062,0.213121226175418,0.930730864847523
"(2R)-2-Hydroxy-3-butenyl glucosinolate",0.972031954928298,1.0703,0.123151423359692,0.909560564306503,0.562408838304334,0.163442009620524,0.166111037744763,0.891961885669621
"Thifensulfuron-methyl",1.09656599650864,-0.74241,0.183203351954196,0.737066584587964,0.634463100820539,0.113371000992594,0.134608843058456,0.882442944871589
"Suffruticoside C",0.974857116203239,-0.97635,0.13173779914641,0.880289596295701,0.564043450893566,0.149095212644117,0.160765345480966,0.873904009018649
"Homocystine",1.01358350050467,-0.65406,0.100094178833312,0.999591179005023,0.586450184228071,0.0998793616858823,0.182553130138878,0.868882676052831
"Scopularide D",1.18208668896075,-0.57853,0.316274831081029,0.499935367545367,0.683944594766408,0.0883454226158662,0.0913020924248054,0.863592109807079
"Loganate",0.986477417939517,-0.68987,0.10382757026575,0.983687309065514,0.570766851669756,0.105347789570131,0.179648641484157,0.855763282724043
"Apigenin 7-O-glucuronide",1.05469929345791,0.54364,0.131072103854703,0.882489729599873,0.610239407651798,0.0830174849202107,0.161167150968885,0.854424043540894
"Chlorogenate",0.971272262553808,-0.72733,0.112951771517344,0.947106953285681,0.561969287213818,0.111068183553486,0.172968051869661,0.846005522636964
"Dimethyl lithospermate",0.965168335610993,0.84458,0.138708618151385,0.857896554793222,0.558437610663887,0.128973047262732,0.156675753750399,0.844086411677018
"Zearalanone",1.03704156060456,-0.53988,0.155327766345763,0.808750902977996,0.600022804204977,0.082443307627701,0.147700391862436,0.830166503695114
"Quercetin-3,4'-O-di-beta-glucopyranoside",0.962564580612483,-0.70517,0.126673075679734,0.897315684456045,0.556931101730187,0.10768420248912,0.163874782371741,0.828490086591048
"discorhabdin G",0.615338078906616,2.5234,0.362852630378105,0.440269724299248,0.356029009507016,0.385340154233794,0.0804054877277029,0.821774651468513
"Taxuspine F",0.682278502696055,2.1579,0.32299027317531,0.490810556213466,0.394760129186919,0.329525845613499,0.0896356482768857,0.813921623077304
"Cyanidin 3-(6''-acetyl)galactoside",1.1177578747071,-0.46186,0.2995126024535,0.523584899281796,0.646724528583953,0.070529128808124,0.0956211541927387,0.812874811584815
"Taxinine A",1.12032282290507,-0.45869,0.310963619331443,0.507290417557757,0.648208584256213,0.0700450484843857,0.0926453289701963,0.810898961710795
"Daminozide",1.20061916215304,0.20852,0.360435913783277,0.443171942496454,0.694667315008407,0.0318424066580133,0.0809355134295835,0.807445235096003
"Zeaxanthin",1.02121375681142,-0.49413,0.169327561119141,0.771272346865859,0.59086498105001,0.0754569748797435,0.140855765904286,0.80717772183404
"2-Amino-3-phosphonopropionate",0.948568089186566,-0.53439,0.12205665157945,0.913438548360375,0.54883285923592,0.0816049476979461,0.166819265410765,0.797257072344631
"Quercetin-3-O-beta-galactoside",1.14069779105815,-0.36316,0.363552501163675,0.439432863156422,0.659997355305727,0.0554569748797435,0.0802526536247983,0.795706983810269
"Gibberellate",0.843617801655598,-1.1024,0.181558391553635,0.740983673376176,0.488109578493209,0.168343895548599,0.135324212335756,0.791777686377564
"(-)-Gallocatechin-3-O-gallate",1.14385167588156,-0.34457,0.384403667096769,0.415212477943412,0.661822164346921,0.0526181568298084,0.0758293381467591,0.790269659323488
"GlcNAcThrNAc",1.15414355390731,-0.30509,0.420926466925033,0.375793765917184,0.667776951260132,0.0465892952584561,0.0686303857974658,0.782996632316054
"Catechin-(4alpha->6)-gallocatechin",1.215229159115,0.45915,0.961960646952732,0.0168426942416629,0.703120526219566,0.0701152935786821,0.00307594406430047,0.776311763862549
"Cyanidin 3-(6''-p-coumarylsophoroside)-5-glucoside",1.12540480367767,-0.30035,0.370415193468237,0.431311207994183,0.651148972057368,0.0458654653737497,0.0787694136733902,0.775783851104508
"Pinoresinol-4-O-glucoside",0.889221736437643,0.79807,0.174189790861191,0.758977302270819,0.5144955999124,0.121870657402459,0.138610349054714,0.774976606369572
"Kutkoside",1.1522727193482,-0.23287,0.45113983460149,0.345688824013305,0.666694503419078,0.0355608154539207,0.0631323867228118,0.76538770559581
"Blasticidin S",1.07576483819691,-0.35346,0.338158238513491,0.470880027439101,0.622427740025898,0.0539757196304497,0.0859957798091538,0.762399239465502
"Glutathione (oxidised form)",1.0037175877641,-0.39823,0.22810323301244,0.641868559223517,0.580741856950247,0.0608123997862106,0.117223037862958,0.758777294599415
"Cytosine arabinoside",0.978317744821569,-0.48052,0.225244395326854,0.647346006603741,0.566045739101448,0.0733786363289303,0.11822337198498,0.757647747415358
"1-O-p-Coumaroylglycerol",0.924732789582305,-0.3936,0.184652876239523,0.733643923186438,0.535041971916729,0.0601053676414446,0.133983769963198,0.729131109521372
"trans-Cinnamate",0.95438001841347,0.33138,0.219035569049827,0.659485354622219,0.552195588566203,0.0506039551042223,0.120440354312519,0.723239897982944
"Cyclo(Pro-Phe)",0.992811944292155,-0.51515,0.478474130635931,0.320141537982803,0.574431950938491,0.0786668702756356,0.0584667422779862,0.711565563492113
"N-Glycolylneuraminate",1.19297250026429,0.097002,0.970182189696994,0.0131467022798517,0.6902430260661,0.0148128579063908,0.00240095321227199,0.707456837184763
"Glycyrrhetinate",1.11586890778949,-0.091849,0.727471810322023,0.138183831013933,0.645631589525371,0.0140259601435443,0.02523620797783,0.684893757646745
"Posthumulone",1.10903775491046,-0.0927,0.728631336548961,0.137492154810214,0.64167914667049,0.0141559135679927,0.0251098886798176,0.6809449489183
"D-Ala",0.856467397239218,-0.83663,0.507577246442417,0.294497854595432,0.49554423749616,0.127759028785218,0.0537834929967003,0.677086759278078
"Diflunisal",1.07298378353665,-0.076177,0.696607913315216,0.157011596358386,0.620818647122307,0.0116327403222112,0.0286746811950221,0.66112606863954
"7-epi-Paclitaxel",1.03862051598188,-0.17118,0.657396249155823,0.182172778160655,0.600936373409147,0.0261403374818661,0.0332698122770807,0.660346523168094
"Argininosuccinate",0.844540108286829,0.35386,0.230221486542587,0.637854146164897,0.488643216711994,0.0540368023211422,0.116489894469025,0.659169913502161
"Gluconapoleiferin",0.855915901782171,0.33465,0.250892433534008,0.60051243603086,0.495225147246343,0.0511033061006337,0.109670260389728,0.655998713736705
"62FTA",0.739312264645713,-0.72552,0.257744220785704,0.588811063809787,0.427759344531233,0.110791784378102,0.107533264615112,0.646084393524447
"Fomesafen",0.887348709948185,-0.35501,0.420600087749945,0.376130641042677,0.513411883840404,0.0542124150568833,0.0686919085578867,0.636316207455174
"Glabrol",0.886874006050874,-0.35956,0.428673357324002,0.367873507687715,0.513137224487826,0.0549072306635107,0.0671839265232484,0.635228381674586
"Acetylendicarboxylate",1.03570918538088,-0.059478,0.714442340719677,0.146032815323287,0.599251904032475,0.00908269069252501,0.0266696506533745,0.635004245378374
"Gancaonin M",0.672059027846072,-0.97148,0.300972666269102,0.521472944364721,0.388847234091939,0.148351530884935,0.0952354525289764,0.632434217505851
"Brevifoliol",0.941335643774406,0.18345,0.483938766228738,0.315209587056742,0.544648232175329,0.0280140490188593,0.0575660309690489,0.630228312163237
"Sanguinarine",0.740856647202479,-0.71229,0.319936503906551,0.494936205240274,0.428652910216234,0.108771474383447,0.0903891064501039,0.627813491049784
"L-Saccharopine",1.01980535257606,-0.1113,0.795108569606086,0.0995735657315732,0.590050091183627,0.0169962586851951,0.0181849004724927,0.625231250341315
"Ribostamycin",1.0077628058192,-0.068802,0.764250729394267,0.116764138114789,0.583082383283273,0.0105065282125678,0.0213243767537447,0.614913288249585
"Purine",0.604701704719419,-1.4161,0.602380759153061,0.220128908532298,0.349874900251592,0.216247995724212,0.0402016565678635,0.606324552543668
"Baccatin I",0.668755071915589,-0.69079,0.303777168112017,0.517444870814204,0.386935595274665,0.105488279758723,0.0944998143495676,0.586923689382956
"L-Cystine",0.910834237452461,-0.07995,0.559336772763293,0.252326627689091,0.527000396207385,0.0122089028021684,0.0460818549318143,0.585291153941368
"Ethionamide",0.744239894699405,-0.12207,0.342077690622442,0.46587524839752,0.430610426411864,0.0186409101320913,0.0850817680622679,0.534333104606223
"TRH",0.849923375126633,-0.046643,0.746636356149523,0.126890866685766,0.491757925888278,0.00712269985492861,0.0231737988350188,0.522054424578226
"2-[(4,6-diamino-1,3,5-triazin-2-yl)thio]-Ethanesulfonic acid",0.696721878346878,-0.35385,0.457985625066951,0.339148153114198,0.403116934824623,0.0540352752538749,0.0619378784369055,0.519090088515403
"10-Deacetyl-7-xylosylpaclitaxel",0.822938985218232,-0.071083,0.693641256410515,0.158865083786499,0.476145003593091,0.0108548522562419,0.029013179511916,0.516013035361248
"Morin",0.885137885702556,-0.0052283,0.971357930692059,0.0126207096584692,0.512132721062498,0.000798396579369321,0.00230489234110772,0.515236009982975
"Microcolin B",0.693702604054094,0.025787,0.288659308426314,0.539614433200855,0.401370010210758,0.00393784836222036,0.0985485925826054,0.503856451155584
"102FTA",0.831131491599712,-0.01584,0.882462596892695,0.0543036930872824,0.480885113188715,0.00241887455142399,0.00991736357762968,0.493221351317769
"Scutellarein-7-glucuronide",0.683496123441093,-0.11968,0.541240688498908,0.266609562173595,0.395464633462978,0.0182759410552035,0.0486903157230652,0.462430890241246
"Apigenin",0.724065619841449,0.050688,0.921773237998212,0.0353759049752434,0.4189377746755,0.00774039856455677,0.00646062342322223,0.433138796663279
"Naringenin-7-O-neohesperidoside",0.65768565250907,-0.070766,0.647550865368504,0.188726111908907,0.380530929998426,0.0108064442238681,0.0344666331511694,0.425804007373464
"Sorbitol 6-phosphate",0.681954591802114,-0.013971,0.873150416998394,0.0589109342494191,0.394572717293049,0.00213346567916317,0.0107587738592709,0.407464956831483
"Daunorubicin",0.549837605872989,0.12259,0.419830017393887,0.376926513055973,0.318131032222983,0.0187203176299916,0.0688372569065604,0.405688606759535
"Taxinine M",0.511636185706661,-0.082104,0.487832206846849,0.311729530807581,0.296028038357,0.0125378330915477,0.0569304759794819,0.365496347428029
"13-Methylberberine",0.442598730315205,-0.23074,0.635491858100392,0.196890009240143,0.256083595286648,0.035235550125983,0.0359575876966398,0.327276733109271
"2',4,5'-Trihydroxychalcone",0.449359741520185,-0.072049,0.627982641798172,0.202052360523084,0.2599954548076,0.0110023669542643,0.0369003765140795,0.307898198275943
"Ginsenoside Ro",0.404886284541382,-0.069217,0.553640796215831,0.256771915446849,0.234263517551821,0.0105699015041613,0.0468936880207723,0.291727107076755
"Isoliquiritin apioside",0.386741819401079,-0.061767,0.624355968733141,0.204567732147894,0.2237652952357,0.00943223639001298,0.0373597532805178,0.270557284906231
"1,2-Disinapoyl diglucoside",0.363631264689547,-0.068755,0.59461943845824,0.225760897557651,0.210393738712293,0.0104993509964114,0.0412302142893405,0.262123303998045
"Geyerline",0.0789525318050033,1.3777,0.979196169992233,0.00913029388569927,0.0456812160017037,0.210384057417729,0.00166744541461573,0.257732718834049
"Pelargonidin 3-O-rutinoside",0.0523703816063343,1.3701,0.969279034512076,0.0135511809428624,0.0303010259399813,0.209223486294571,0.00247482225749553,0.241999334492048
"Glycyrrhizate",0.268286994295741,-0.054621,0.700771910167129,0.154423314807882,0.15522841201775,0.00834099412079102,0.0282019890498237,0.191771395188365
"nPFOA",0.256741038380229,-0.036885,0.84014849372273,0.0756439469085517,0.148548027056502,0.00563258761548446,0.0138146870183073,0.167995301690294
"Herbacetin 8-O-xylose-3-O-glucose",0.20219245313072,-0.0089302,0.996171964733883,0.00166568478060795,0.116986712322168,0.00136370161105597,0.000304200334007892,0.118654614267232
