name,hmdb_id
(-)-Gallocatechin-3-O-gallate,
(2R)-2-Hydroxy-3-butenyl glucosinolate,
"(9Z, 12Z)-Octadecadienoate",
"1,2-Disinapoyl diglucoside",
102FTA,
10-Deacetyl-7-xylosylpaclitaxel,
13-Methylberberine,
1-O-p-Coumaroylglycerol,
"2',4,5'-Trihydroxychalcone",
"2,6-Dichloro-4-nitroaniline",
"2-[(4,6-diamino-1,3,5-triazin-2-yl)thio]-Ethanesulfonic acid",
2-Amino-3-phosphonopropionate,
4-Methylsulfinyl-3-butenyl glucosinolate,
4-Nitrophenyl phosphate,
62FTA,
73FTA,
7-epi-Paclitaxel,
Acetylendicarboxylate,
Apigenin,
Apigenin 7-O-glucuronide,
Apiopaeonoside,
Argininosuccinate,
Baccatin I,
Benzimidazole,
Bergapten,
Bestatin,
b-Hydroxypropionate,
Blasticidin S,
Brevifoliol,
Catechin-(4alpha->6)-gallocatechin,
Chloratranol,
Chlorogenate,
Cyanidin 3-(6''-acetyl)galactoside,
Cyanidin 3-(6''-p-coumarylsophoroside)-5-glucoside,
Cyclo(Pro-Phe),
Cytosine arabinoside,
Daidzein,
D-Ala,
Daminozide,
Daunorubicin,
Diflunisal,
Dimethyl lithospermate,
discorhabdin G,
Ethionamide,
Florasulam,
Fomesafen,
Galacturonate 1-phosphate,
Gancaonin M,
Gangaleoidin,
Geyerline,
Gibberellate,
Ginsenoside Ro,
Glabrol,
Glabrone,
GlcNAcThrNAc,
Gluconapoleiferin,
Glu-Glu,
Glutathione (oxidised form),
Glycyrrhetinate,
Glycyrrhizate,
Hedysarimcoumestan A,
Herbacetin 8-O-xylose-3-O-glucose,
Homocystine,
Homoeriodictyol,
Isoliquiritin apioside,
Kutkoside,
L-Cystine,
L-Homocystine,
Loganate,
Loperamide,
L-Saccharopine,
Lucidenic acid F,
Microcolin B,
Morin,
Naringenin,
Naringenin-7-O-neohesperidoside,
N-Glycolylneuraminate,
nPFOA,
Octopine,
Oleandomycin,
Pelargonidin 3-O-rutinoside,
Pinoresinol-4-O-glucoside,
Posthumulone,
Purine,
"Quercetin-3,4'-O-di-beta-glucopyranoside",
Quercetin-3-O-beta-galactoside,
Ribostamycin,
S-Adenosylmethionine,
Sanguinarine,
Scopularide D,
Scutellarein-7-glucuronide,
Sorbitol 6-phosphate,
Suffruticoside C,
Taxinine A,
Taxinine M,
Taxuspine F,
Thiamine monophosphate,
Thifensulfuron-methyl,
trans-Cinnamate,
TRH,
Trp,
Vincristine,
Zearalanone,
Zeaxanthin,
