ID,A172_R_1,A172_R_2,A172_R_3,A172_R_4,A172_S_1,A172_S_2,A172_S_3,A172_S_4
(-)-Gallocatechin-3-O-gallate,431300552.1,172196357.9,104650799.2,109467119.9,213912904.4,283164646.3,276091040.3,253037519.3
(2R)-2-Hydroxy-3-butenyl glucosinolate,23140.770547125,96918.6651643126,234037.217547562,200995.359027563,24961.3677763124,745.72148887501,2444.949818625,182133.149229937
"(9Z, 12Z)-Octadecadienoate",807745.468933124,2786495.64862032,5605427.58868087,7692679.07098425,1262445.91977993,166773.897403125,273359.475881062,201320.210542312
"1,2-Disinapoyl diglucoside",1072610.791554,1327316.60568862,1622822.69886263,1373331.6320535,2104292.32384669,1168421.31849506,1217730.75623194,1257475.77332381
102FTA,654043.582988437,1192730.93106375,1264501.24047694,1810167.91324294,2041119.3116955,779573.695480316,1054978.60876987,1137056.403249
10-Deacetyl-7-xylosylpaclitaxel,921670.388036246,330942.15156375,436337.12865375,366214.485721876,812242.793949374,290704.629322496,607708.61016375,563008.404583127
13-Methylberberine,88174.1704286252,106248.219251625,86879.7582048749,120321.148809375,163912.38411375,61207.9695121876,97301.9040648749,143263.74171375
1-O-p-Coumaroylglycerol,4282270.81613362,5260650.90117825,2109101.54082093,4542581.52050945,7336659.14541225,4222831.53216019,4864063.69102256,4884408.096255
"2',4,5'-Trihydroxychalcone",20967060.33181,24708612.6708682,25965904.9408836,31185415.6285623,36853401.9831055,22180981.3856504,22821128.0140659,25360941.4504562
"2,6-Dichloro-4-nitroaniline",55110.5898159375,48135.4980245624,30693.9906871873,24875.1515473126,3441362.76237394,2187374.96609081,2119789.30272244,2488008.5436975
"2-[(4,6-diamino-1,3,5-triazin-2-yl)thio]-Ethanesulfonic acid",2436935950.0,4085636421.0,1067706621.0,3646648496.0,3282543616.0,4034272379.0,2324344952.0,3704179910.0
2-Amino-3-phosphonopropionate,1493253.95116031,1554989.95996313,1008981.16617188,1288828.23544875,3752245.87098074,1030601.87794612,1775311.19599519,1775535.37696763
4-Methylsulfinyl-3-butenyl glucosinolate,30075.421149375,25953.646310625,14003.1585787499,32850.2203649999,48352.0381612499,37496.876491875,33088.746125625,37030.3824975
4-Nitrophenyl phosphate,6747534.09690244,7641127.94635125,5589115.43206443,9924460.95932193,15582933.3723134,9410942.85585394,8567710.82587801,11755092.7556329
62FTA,1479543.2978625,1680889.81619625,2230715.12340375,1269129.28744312,2026488.4601869,3703190.55744375,3335496.837855,1431231.18481129
73FTA,220906.696295437,267790.893598312,237273.34716075,295556.68452075,562929.323635687,221337.837049313,409951.874505562,462148.502584312
7-epi-Paclitaxel,120317.704029937,93254.8980967499,56109.3224098128,44421.2205103124,78157.2070693129,119359.680341812,84902.6237617499,65786.9667866248
Acetylendicarboxylate,137708159.396587,120561810.471374,105211754.934391,101814732.566282,168017603.250945,127492046.095666,101341023.91031,98072971.1589167
Apigenin,23367251.5429655,38958362.3932487,45948871.9089904,59840898.4170629,63235099.9243221,27207965.3508783,35374959.1377223,36671597.7141219
Apigenin 7-O-glucuronide,181437.62194725,243468.65448,209481.439438687,380763.446518875,224547.180820125,80818.0023345001,130372.854019313,230542.520907188
Apiopaeonoside,38607.830912625,55328.9885026875,37783.8001064999,115795.588968,139331.398308001,78725.5558736251,82304.7485576251,150002.091845625
Argininosuccinate,294166.8803325,422064.8073225,389527.662821251,533073.702262501,458780.069330625,143700.516766875,261969.286141874,397586.032464375
Baccatin I,4156435808.0,15709724.32,1302210216.0,4211990161.0,3004368199.0,4778976341.0,2515185674.0,4136106376.0
Benzimidazole,2492378.70201525,2364630.24160275,1718175.69025331,2268104.71751513,6410738.17912537,1935618.39817819,2682817.38668869,3422859.37751269
Bergapten,329067808.1,7712546875.0,7966616837.0,117007100.2,146903010.9,398551294.8,231716585.4,218439028.5
Bestatin,326320.253784375,413968.8672645,278554.260758062,566259.645051374,1017143.36497275,545129.979117938,488450.321968313,756146.552096064
b-Hydroxypropionate,307088433.132026,333034475.562254,261212785.002628,362700686.828729,156090621.659464,44264653.7126002,114664672.684611,141145587.952291
Blasticidin S,1342167436.0,531986756.0,321962899.5,187380056.5,708318923.9,802417951.3,803259814.9,768440819.7
Brevifoliol,3878741274.0,4710020591.0,5218653947.0,3758266157.0,4199190595.0,4621074187.0,3076863449.0,3233093794.0
Catechin-(4alpha->6)-gallocatechin,134040725.9,27296654.43,18600092.29,26822364.57,35717096.19,27018057.62,46451315.3,43189744.24
Chloratranol,4860263.72857013,18136523.9933454,16665122.8769677,29027363.6557176,383.0497126875,189933.939811837,156932.696290312,231914.357175563
Chlorogenate,1966123.53607875,2369752.79791875,2278653.48658499,2908465.22501062,4964464.76181374,1885420.91316,3456099.82472438,4983437.33810062
Cyanidin 3-(6''-acetyl)galactoside,1042151988.0,423644292.2,247545321.5,193495560.6,554443627.5,717206667.9,675553972.6,669409189.7
Cyanidin 3-(6''-p-coumarylsophoroside)-5-glucoside,65994126.96,23275797.49,12976193.93,15866355.92,33171769.1,40081473.95,37162953.45,35312549.54
Cyclo(Pro-Phe),242270477.7,180127688.0,76276783.47,112767679.9,153814816.7,359221668.5,124845486.7,193436274.3
Cytosine arabinoside,387474.974257499,131567.612611877,234671.929235625,197524.215690001,346254.997006875,344139.251941874,317437.796497499,310466.716933126
Daidzein,30671081.46,36997300.66,9712273304.0,29435237.58,27750458.77,39955827.77,21113710.02,26539560.18
D-Ala,667704435.2,4848117428.0,4205155313.0,276714202.7,15698811.22,8172193825.0,12578673.01,6768594596.0
Daminozide,4642913.88457069,5266359.45582449,3742366.90707863,4085780.88904594,5646901.028886,4167890.50484531,2913873.78149025,3003241.27110131
Daunorubicin,2465983045.0,4185597856.0,1999738427.0,5056856183.0,5210186496.0,3100775846.0,3834386.95,4210612789.0
Diflunisal,47850769.6974314,43392610.121946,42625141.0917254,37436621.6190151,57036966.6361011,45118182.6499349,39639350.5301115,39399841.8162073
Dimethyl lithospermate,137981.894492062,224016.76195275,200574.142209187,502852.766467501,170342.061489562,42687.3965750626,104072.179375875,225137.727253125
discorhabdin G,3673728983.0,5942121021.0,2490529.19,9017355914.0,4863379085.0,46223415.05,17964605.81,15260841.39
Ethionamide,11985826.6865753,11588640.9608027,10000431.4771671,12021797.627748,21198782.5224793,11563202.9724709,9447355.45150049,9802887.30043875
Florasulam,22122854.17,38831299.71,8618485885.0,30272065.74,30995568.23,70406184.51,22010319.4,35561808.83
Fomesafen,787679.986029376,313530.451773751,546824.3236875,420765.820876875,584592.424749376,833654.263470004,657535.182856875,510553.263403122
Galacturonate 1-phosphate,1270993.81123575,2048656.63289269,1517414.50576013,1447002.23278012,1195707.67734731,1370411.85295856,903594.759705375,923380.180365563
Gancaonin M,23771.8373156251,28570.9408143749,28510.55055375,17802.984406875,67382.6630249999,11388.0396581247,43387.5202331249,71754.73049625
Gangaleoidin,14668.8507913125,41702.227574625,128448.766812562,129987.266321437,43583.245610625,5994.72539118751,6663.85639687503,404.605636500007
Geyerline,1469758004.0,1940771.33,1547907056.0,12364373.2,1849660388.0,66536892.17,27387119.56,19102607.68
Gibberellate,37085.0883573749,53602.9589426251,31350.1899759376,40373.73978075,123026.928033562,21654.3043994999,87043.1835770627,115467.24165225
Ginsenoside Ro,270748.498366875,320198.098064062,383131.446023064,319304.105503124,501633.956833125,293374.262290875,301943.623353375,285020.291798625
Glabrol,1344269.178795,559364.264855627,958440.232475625,770472.961203749,999139.89340125,1454569.38030563,1175015.22631875,900813.481162497
Glabrone,27114.01112625,95409.2027849999,154700.3616975,191610.0032475,15577.3151700003,2379.14929687501,3422.65262999999,9455.67687000003
GlcNAcThrNAc,806334375.5,300084946.4,188952011.9,197828791.0,364138093.6,500998249.1,492660838.6,460174269.3
Gluconapoleiferin,333660.47895375,461296.573573125,433317.578158126,605741.687401876,476837.185282499,163281.239475,299644.0388475,468454.05600375
Glu-Glu,362587.516746188,589667.055346125,432167.442350438,417417.91326225,338291.292656437,399752.20971375,254955.367920937,264292.309524563
Glutathione (oxidised form),377463133.6,139015532.3,82277763.02,137531679.2,353170408.7,253306716.7,215224325.7,202972051.6
Glycyrrhetinate,1898257.30612219,1267775.24300587,903365.176411878,659685.512838749,1166774.71236469,1612293.95156587,1109035.08266006,1093058.41949062
Glycyrrhizate,736747.361853376,968111.964073687,1093622.37722625,1005018.32644762,1480781.89407844,764539.247691187,845438.936061561,913111.562051811
Hedysarimcoumestan A,4123.10559750008,34098.5696456251,63612.4870031251,8368.95924937503,121802.23236,111480.45597375,87713.606713125,75563.0235750001
Herbacetin 8-O-xylose-3-O-glucose,199997.745725625,275049.37180875,266901.634835438,285312.522880313,433579.796972626,175925.190736311,222776.807386125,234809.486484001
Homocystine,105613.983770625,161565.00242625,111865.7621025,65028.9956681247,205631.79720375,188856.7229475,153393.1244325,150049.192441875
Homoeriodictyol,4474598.83952252,4829971.06002376,5131813.77246561,3756107.48448188,7989488.45846814,7481501.53707193,7454783.05395372,6536540.90348251
Isoliquiritin apioside,2542538.23385663,3278216.23041881,3381165.51762264,3536271.53788762,4698338.34155213,2820077.2557105,2789937.01343643,3015103.35592181
Kutkoside,549217212.9,184573750.1,113998541.3,119492730.8,229924141.8,324322692.2,284637844.3,288008047.1
L-Cystine,8768268.92659802,9874609.02233869,9502903.61307732,9361936.12281957,13782220.662007,8503880.90635571,8661353.76668625,8989505.61622821
L-Homocystine,461.569832625001,564114.439306875,599190.752283188,57857.3261223751,878509.808960439,441052.070576624,500819.649198187,609582.76387575
Loganate,220746.40932375,258175.03856625,248847.268409999,294116.122408124,498442.856038124,216075.9836025,368413.252393126,513298.027169999
Loperamide,55341043.55,19867998.45,14536152.72,28217654.0,63848385.09,55447352.18,42789726.65,40183142.57
L-Saccharopine,47466162.33,42099834.54,18918091.54,42333149.0,39228583.99,47362078.38,27297323.65,41624013.23
Lucidenic acid F,79174.499788125,390967.459155003,505370.9675025,190716.794081251,405853.523608125,727506.601168127,591510.111939377,604147.738871251
Microcolin B,374936766.0,2548547299.0,3755499634.0,3245897579.0,4614018923.0,17414871.8,7318186.21,5072276867.0
Morin,151939591.5,123499443.8,33893728.34,127292752.7,85192712.17,180137046.0,66663701.36,80830214.14
Naringenin,152283.475193437,160101.075565875,115248.172912125,176533.414755375,279211.155717376,199627.046794313,169552.097708438,231864.749484938
Naringenin-7-O-neohesperidoside,1014857.7334305,1152485.90901337,1222828.07528176,871949.914467563,1563223.66711688,1040418.19293562,994777.491522374,956817.402145501
N-Glycolylneuraminate,408133.435813125,172447.015245,178601.591345625,223789.675314375,230049.692716875,271174.775148749,217554.67741125,189055.8417375
nPFOA,1131686.03121356,1493314.79134406,1606454.49064463,1681860.48233925,2029714.33710188,1245919.50545362,1317147.17287012,1418026.98183881
Octopine,366994.3526265,432862.22292675,320495.147189437,603615.209448374,903026.45117644,565349.680259438,515124.670904063,776514.448302189
Oleandomycin,15955478.97,9471716801.0,1106218117.0,3695889269.0,1185804068.0,1536166186.0,1453560.15,1601190.77
Pelargonidin 3-O-rutinoside,4993295073.0,7020143.82,4308450294.0,25948680.49,5915136571.0,158475271.8,62961185.7,46012146.8
Pinoresinol-4-O-glucoside,39823.1090062499,70762.532588625,61792.8128336249,162159.594408563,53901.548206125,12496.164958875,32618.7611068126,75288.85687725
Posthumulone,1816829.12730019,1183639.13352787,828676.825191941,633781.233313124,1108047.62414081,1570090.69521187,1030193.28273525,1002298.52337806
Purine,144843974.6,183282272.4,63035980.38,266699127.6,167833622.6,91024920.79,118587319.3,1051159568.0
"Quercetin-3,4'-O-di-beta-glucopyranoside",40070.8615263749,7557.2327426251,12740.6800726874,9539.105535375,51912.0912667504,34321.8523113751,22976.9482841251,18522.2755494374
Quercetin-3-O-beta-galactoside,1391263680.0,553055220.1,337341194.0,355732414.1,716110941.8,921603780.6,891077752.4,831204738.0
Ribostamycin,10466964.7681564,9596235.86169375,9943448.68485696,7457100.54337611,11477584.2415035,10095320.2435822,8928958.6984303,8614184.08886625
S-Adenosylmethionine,3573622564.0,5993494699.0,2454911778.0,9414649962.0,5092674625.0,49799249.2,19506995.39,15769994.18
Sanguinarine,214127074.2,361695701.2,79899646.32,297616275.7,293821223.5,613059484.5,205607721.5,321806710.9
Scopularide D,31151882.44,2096246129.0,2044656379.0,6238476326.0,2776484532.0,3665588447.0,3242077534.0,3509866339.0
Scutellarein-7-glucuronide,974413.725421124,1545285.43820456,1470571.76611331,2127815.79149775,2429475.06019688,1178702.38221713,1398605.96522812,1579972.47155644
Sorbitol 6-phosphate,555491.322232126,936648.43803825,1083410.82591882,1748035.24987837,1629602.91177244,720802.814107499,843367.746216374,1090482.793341
Suffruticoside C,2737422.67066069,3512773.12558969,2154043.04076319,4145016.5065485,4639721.43059606,3717910.17565387,4745529.12810431,9102454.3240978
Taxinine A,204822597.0,83443956.89,49664788.8,37859988.5,105098638.9,141769088.4,133769517.6,132026920.0
Taxinine M,1361505.55061344,1745413.27637362,2007520.31358694,1918574.52420562,2769200.52140269,1538340.07129725,1588019.03078362,1640166.94244944
Taxuspine F,6219244549.0,9172897528.0,5136673731.0,27346634.54,7342669221.0,172120996.0,66449738.45,50309001.75
Thiamine monophosphate,185272.830186375,243637.576313063,155228.298281437,332419.936472062,637947.651546002,301393.479668625,281497.560676126,419502.741401813
Thifensulfuron-methyl,699175692.4,496625056.6,294077898.1,183558488.1,584321593.6,689143296.8,762135669.2,708306251.0
trans-Cinnamate,808628.390083312,975243.614881312,831005.726725124,1586299.01403694,1087628.92108481,514702.820987814,663842.929579501,955542.006023625
TRH,388915.9116825,141165.95586375,237267.84530625,243478.176371251,292723.424379376,238177.330074371,309560.229436875,203869.9298625
Trp,1420881.42486712,1532226.77022956,1382578.99733588,2361900.40757906,110712.819683438,55012.8584484374,49638.3598545,118843.060915125
Vincristine,208038175.1,7277777637.0,4807561717.0,2288186732.0,1634666555.0,44151282.0,1088083908.0,135675329.0
Zearalanone,259241.519844376,169847.576120625,197268.595333125,160050.6789,295045.257718125,343251.975418125,267877.7143875,223007.049601875
Zeaxanthin,226452796.4,89357365.04,53474390.83,96093860.31,245244447.4,163346020.1,146084601.9,136818310.0
